collab_name,members
アーカーシャの剣,"加賀美ハヤト, イブラヒム"
あーことひすぴ,"朝日南アカネ, 北小路ヒスイ"
アーコハック,"朝日南アカネ, 東堂コハク"
アースバースラーズ,"葛葉, ラトナ・プティ, 渡会雲雀, 小柳ロウ, 酒寄颯馬"
あいおいくろいながおけい,"夢追翔, 黒井しば, 相羽ういは, 長尾景"
あいきゅーとろける,"夜見れな, 天宮こころ, 魔使マオ, フレン・E・ルスタリオ"
アイス組,"ギルザレンIII世, 緑仙, 童田明治"
Iチーム,"夕陽リリ, えま★おうがすと, メリッサ・キンレンカ, イブラヒム"
IDDPoMetto,"ドーラ, シスター・クレア, 山神カルタ, 東堂コハク, レイン・パターソン, 先斗寧, 海妹四葉, 倉持めると"
あえぐあじん,"愛園愛美, レヴィ・エリファ, えま★おうがすと, グウェル・オス・ガール"
あえて割るからこそ,"本間ひまわり, イブラヒム, セラフ・ダズルガーデン, 獅子堂あかり"
あおぐみたち,"春崎エアル, 長尾景, 西園チグサ, 先斗寧"
蒼鷲組,"剣持刀也, 花畑チャイカ, 椎名唯華, 星川サラ, 長尾景, 獅子堂あかり, 佐伯イッテツ"
あかあおきーろ☆,"本間ひまわり, アクシア・クローネ, ハ・ユン"
亜ガク,"伏見ガク, レヴィ・エリファ"
赤獅子組,"月ノ美兎, 舞元啓介, リゼ・ヘルエスタ, 鏑木ろこ, 宇佐美リト, 叢雲カゲツ, 立伝都々"
赤月の刃,"叶, 葛葉, イブラヒム"
赤の組織,"えま★おうがすと, ルイス・キャミー, 魔使マオ"
赤はしご食堂,"椎名唯華, 葉加瀬冬雪, 五十嵐梨花, 赤城ウェン"
あかめる,"獅子堂あかり, 倉持めると"
あかりか,"獅子堂あかり, 五十嵐梨花"
あかろこ,"獅子堂あかり, 鏑木ろこ"
明るいともだち,"倉持めると, 司賀りこ, 綺沙良, 早乙女ベリー"
アカンゴ,"朝日南アカネ, 周央サンゴ"
あきメリ,"三枝明那, メリッサ・キンレンカ"
Actual Gold Players,"Bonnivier Pranaja, バン・ハダ"
あくまじ,"でびでび・でびる, 夜見れな"
悪魔神ノースリーブ,"神田笑一, でびでび・でびる, 夢追翔, アルス・アルマル"
あくまどーじょー,"でびでび・でびる, 夢月ロア"
悪魔の代弁者達,"月ノ美兎, 剣持刀也, 葛葉, 花畑チャイカ, 神田笑一, 鷹宮リオン, 加賀美ハヤト"
悪夢教死,"でびでび・でびる, 久遠千歳, 郡道美玲, 夢月ロア"
悪夢組,"でびでび・でびる, ジョー・力一"
悪役令嬢なので森のエルフを使用人にしました,"花畑チャイカ, 鷹宮リオン"
あぐらWIN,"樋口楓, 星川サラ, 不破湊, 北小路ヒスイ"
あさがくる,"来栖夏芽, 朝日南アカネ"
朝活,"神田笑一, 愛園愛美, えま★おうがすと"
∀zalea,"夕陽リリ, 天ヶ瀬むゆ, 倉持めると"
紫陽花組,"剣持刀也, 叶"
あすかすみ,"出雲霞, 飛鳥ひな"
Astral Wifi,"Taka Radjiman, Amicia Michella, Riksa Dhirendra"
明日晴れる花那,"健屋花那, 甲斐田晴"
アズゆず,"名伽尾アズマ, 八朔ゆず"
AAATTACK!!!,"える, 加賀美ハヤト, 立伝都々"
アたゴ（アカたまンゴ）,"文野環, 朝日南アカネ, 周央サンゴ"
あちきたさんかわいい,"遠北千南, 郡道美玲"
アツアツファイヤクラブ,"伊波ライ, 北見遊征, 榊ネス, Petra Gurin, Alban Knox"
熱いにじストの始まりだぜ！,"神田笑一, イブラヒム, ソフィア・ヴァレンタイン"
あっちゃんよっちゃん,"アンジュ・カトリーナ, 海妹四葉"
あでさんじ,"宇志海いちご, 夕陽リリ, 葛葉, 三枝明那, 渡会雲雀"
あなた方のため部,"ベルモンド・バンデラス, 小柳ロウ, ミラン・ケストレル"
アニキとコブン,"不破湊, 甲斐田晴"
アニキと子分くん,"矢車りね, 小野町春香"
アニソンカラオケ同好会,"社築, 緑仙, 早瀬走, オリバー・エバンス"
あの伝説,"黛灰, ラトナ・プティ"
あの8人,"天ヶ瀬むゆ, 先斗寧, 海妹四葉, 風楽奏斗, 渡会雲雀, 四季凪アキラ, セラフ・ダズルガーデン, 鏑木ろこ"
Abyssion Syndrome,"えま★おうがすと, ミン・スゥーハ, Vox Akuma, Maria Marionette"
油飯屋,"三枝明那, 黛灰, 不破湊, イブラヒム"
油探偵笑一,"神田笑一, シェリン・バーガンディ, イブラヒム"
aho,"御伽原江良, 戌亥とこ, 三枝明那"
あほっち,"本間ひまわり, 天宮こころ, 不破湊"
あまエビ大福,"椎名唯華, エクス・アルビオ, 黛灰, アルス・アルマル, 天宮こころ"
あまきゃみ,"天宮こころ, ルイス・キャミー"
あまつかいまごころ(天使魔心),"天宮こころ, 魔使マオ"
アマミヤ団,"椎名唯華, 天宮こころ, 渡会雲雀, セフィナ"
あまよる,"夜見れな, 天宮こころ"
雨森久遠,"雨森小夜, 久遠千歳"
アラサーランク帯,"花畑チャイカ, 社築, 夢追翔, 加賀美ハヤト"
嵐ウナギ,"ソ・ナギ, チェ・アラ, イ・シウ"
ありえる,"える, 物述有栖"
ありえるきらおん,"える, 物述有栖, 小野町春香, 空星きらめ"
アリストロベリー,"宇志海いちご, 物述有栖"
ありめいじす,"物述有栖, 童田明治"
αSLAYERS,"花畑チャイカ, 社築, ベルモンド・バンデラス, 夢追翔, 加賀美ハヤト"
あるふわ,"アルス・アルマル, 不破湊"
Alexandrite（Alri）,"緑仙, アンジュ・カトリーナ"
AlleXceed Familia,"葛葉, 桜凛月, 三枝明那, アルス・アルマル, 天宮こころ, ラトナ・プティ, ルイス・キャミー, 不破湊"
暗殺一家,"椎名唯華, 不破湊"
アンティーク・ヤング・ボーイズ部,"渚トラウト, 一橋綾人, 五木左京"
あん・で・とこ,"でびでび・でびる, 戌亥とこ, アンジュ・カトリーナ"
アンニャントロマン,"本間ひまわり, 椎名唯華, 鈴木勝, 雪城眞尋, 天宮こころ, レオス・ヴィンセント"
アンマオ,"アンジュ・カトリーナ, 魔使マオ"
ERM Vibing,"Elira Pendora, Maria Marionette, Ren Zotto"
EXゲーマーズ,"叶, 赤羽葉子, 笹木咲, 本間ひまわり, 魔界ノりりむ, 葛葉, 椎名唯華"
EXにきさんき,"笹木咲, 本間ひまわり, 魔界ノりりむ, 葛葉, 椎名唯華"
137,"桃星, 吉吉"
i's,"樋口楓, 竜胆尊, リゼ・ヘルエスタ"
1076,"星宸, 瑞芙, 勺"
意外に強いらC,"春崎エアル, 桜凛月, シェリン・バーガンディ, 白雪巴"
イカKNIGHTで行かないと☆,"アルス・アルマル, 健屋花那, 渡会雲雀, 倉持めると"
イカヤミー！,"樋口楓, 山神カルタ, 佐伯イッテツ, ミラン・ケストレル"
イケボホストクラブ,"神田笑一, ベルモンド・バンデラス, 夢追翔, オリバー・エバンス"
イケメン,"叶, 葛葉, 甲斐田晴"
石子持家族,"獅子堂あかり, 石神のぞみ, 倉持めると"
いずがく,"伏見ガク, 出雲霞"
いずもるる,"闇夜乃モルル, 出雲霞"
いずれ,"司賀りこ, 珠乃井ナナ, 綺沙良, 梢桃音, ルンルン"
痛面組,"桜凛月, 三枝明那, 黛灰"
いちガク,"宇志海いちご, 伏見ガク"
いちガクねこ,"宇志海いちご, 伏見ガク, 文野環"
いちから中央銀行,"緑仙, 鷹宮リオン, ベルモンド・バンデラス, 雪城眞尋, レヴィ・エリファ, 葉加瀬冬雪, 黛灰, アルス・アルマル, 相羽ういは, 天宮こころ, 早瀬走, フレン・E・ルスタリオ, 長尾景, 弦月藤士郎"
いちさんご,"ジョー・力一, 周央サンゴ"
いちご大福,"宇志海いちご, 椎名唯華"
いちごみるく海賊団,"宇志海いちご, 夕陽リリ, ヤン・ナリ, 倉持めると"
いちねこ,"宇志海いちご, 文野環"
いちひま,"宇志海いちご, 本間ひまわり"
一夜漬け,"花畑チャイカ, ローレン・イロアス, ミラン・ケストレル, 酒寄颯馬"
一期生出身,"月ノ美兎, 勇気ちひろ, える, 樋口楓, 静凛, 渋谷ハジメ, 鈴谷アキ, モイラ"
一期生の絆,"える, 樋口楓, 渋谷ハジメ"
いっぞやよエスタまめ～。,"笹木咲, 卯月コウ, リゼ・ヘルエスタ, レオス・ヴィンセント"
It’s 1ove,"魔界ノりりむ, 葉加瀬冬雪, フレン・E・ルスタリオ, レイン・パターソン"
Idios,"小清水透, 獅子堂あかり, 鏑木ろこ, 五十嵐梨花, 石神のぞみ, ソフィア・ヴァレンタイン, 倉持めると"
いでぃおすぷら部（基本）,"獅子堂あかり, 五十嵐梨花, 石神のぞみ, 倉持めると"
いぬいなみ,"戌亥とこ, 伊波ライ"
犬福,"椎名唯華, 黒井しば"
いのこり組,"椎名唯華, 鷹宮リオン, 郡道美玲"
inoししがおー！！,"長尾景, 獅子堂あかり, Shu Yamino"
いのるぱんだ,"シスター・クレア, 緑仙"
イブアン,"アンジュ・カトリーナ, イブラヒム"
いぶうるさく,"笹木咲, イブラヒム"
いやし組,"える, 葉山舞鈴, アルス・アルマル"
ILUNA,"Kyo Kaneko, Maria Marionette, Aster Arcadia, Aia Amare, Ren Zotto, Scarle Yonaguni"
インクフィッシュ,"夕陽リリ, 魔界ノりりむ, エクス・アルビオ, 魔使マオ"
!NTRO,"蜜言, 漆羽, 晴一"
introverts,"Finana Ryugu, Rosemi Lovelock, Ike Eveland"
∞4,"愛園愛美, フミ, 小清水透, 宇佐美リト"
VACHSS,"剣持刀也, 叶, 葛葉, 夢追翔, 加賀美ハヤト, 不破湊"
VΔLZ,"長尾景, 弦月藤士郎, 甲斐田晴"
VALO部@1,"夕陽リリ, 本間ひまわり, 奈羅花, 西園チグサ"
ヴァンパイア集会で会いましょう,"ギルザレンIII世, 剣持刀也, 森中花咲"
ヴィクトリー家政,"花畑チャイカ, 榊ネス, 司賀りこ"
ウィシェン,"緑仙, 相羽ういは"
ういすぴ～ど～なっつ,"相羽ういは, 北小路ヒスイ"
ういにんぐらん,"相羽ういは, 早瀬走"
ういにんグらん,"相羽ういは, 早瀬走, グウェル・オス・ガール"
ういバンゴ,"ベルモンド・バンデラス, 相羽ういは, 周央サンゴ"
ういまゆげ,"黛灰, 相羽ういは"
ういまる,"アルス・アルマル, 相羽ういは"
ヴィランズ,"ジョー・力一, ルイス・キャミー, レオス・ヴィンセント"
ういれな,"夜見れな, 相羽ういは"
wingこらぼ,"鈴谷アキ, モイラ"
ヴィンセント家,"伏見ガク, 魔界ノりりむ, 椎名唯華, 花畑チャイカ, 舞元啓介, リゼ・ヘルエスタ, 加賀美ハヤト, ローレン・イロアス, レオス・ヴィンセント"
うーちー,"勇気ちひろ, 鈴鹿詩子"
WOOMY,"Reimu Endou, Vox Akuma, Luca Kaneshiro"
上からドン★,"壱百満天原サロメ, 渡会雲雀, 伊波ライ"
ウエデター,"える, でびでび・でびる, 七海"
ウォーターポテト,"ミン・スゥーハ, ハ・ユン"
VOLTACTION,"風楽奏斗, 渡会雲雀, 四季凪アキラ, セラフ・ダズルガーデン"
UkiNagi,"四季凪アキラ, Uki Violeta"
うさちゃんクラブwithB,"神田笑一, 春崎エアル, 郡道美玲, 夢月ロア"
うしのたまもの,"宇志海いちご, 物述有栖, 文野環"
うたかざ,"鈴鹿詩子, 森中花咲"
うたでび,"鈴鹿詩子, でびでび・でびる"
うたまさ,"鈴鹿詩子, 鈴木勝"
うたみこ,"鈴鹿詩子, 竜胆尊"
うたみこバネ卍,"鈴鹿詩子, 赤羽葉子, 雪汝, 竜胆尊"
内股ガニ股,"花畑チャイカ, 社築"
撃つな,"森中花咲, えま★おうがすと, Reimu Endou"
うなぎ天丼パスタ,"鷹宮リオン, 郡道美玲, レイン・パターソン"
うなぎレンコン,"ソ・ナギ, 明楽レイ"
うにゅれそう,"ニュイ・ソシエール, 夜見れな, 相羽ういは, 早瀬走"
海こんにゃく,"でびでび・でびる, 葉山舞鈴"
海妹部,"海妹四葉, Luca Kaneshiro, Sonny Brisko"
うみゃみー,"白砂あやね, 水面まどか"
占い信じたい組,"椎名唯華, 弦月藤士郎, 宇佐美リト"
ウルイスジョー,"ジョー・力一, ルイス・キャミー"
麗しき勇者(うるゆう),"樋口楓, 文野環, ギルザレンIII世"
UNEI48,"笹木咲, 奈羅花, 先斗寧, 小清水透, 鏑木ろこ"
うんち教,"でびでび・でびる, 夜見れな, シェリン・バーガンディ, 魔使マオ"
エア景,"春崎エアル, 長尾景"
英吸不滅,"葛葉, エクス・アルビオ, 不破湊"
営業部プロセ課,"雪城眞尋, 甲斐田晴, リュ・ハリ, 司賀りこ, 五木左京"
HDMI,"葛葉, 椎名唯華, イブラヒム"
ASMR落第部,"レヴィ・エリファ, フミ, 山神カルタ, 来栖夏芽"
ACDC,"伏見ガク, アンジュ・カトリーナ, レヴィ・エリファ, ニュイ・ソシエール, グウェル・オス・ガール"
ATM,"物述有栖, 剣持刀也, 森中花咲"
Exsiv,"渋谷ハジメ, エクス・アルビオ"
XSOLEIL,"Doppio Dropscythe, Hex Haywire, Meloco Kyoran, Ver Vermillion, Kotoka Torahime"
エクレア,"える, シスター・クレア"
Ethyria,"Enna Alouette, Nina Kosaka, Reimu Endou, Millie Parfait"
S2TC,"ガオン, ナ・セラ"
SKT T1,"星弥, 八木迪之"
SSR組,"笹木咲, 星川サラ"
SSAO,"小野町春香, 三枝明那, アルス・アルマル, 早瀬走"
SF組,"夕陽リリ, 出雲霞, 黛灰"
S.B.S.P,"葉加瀬冬雪, フレン・E・ルスタリオ, 石神のぞみ, 倉持めると"
枝毛シスターズ,"月ノ美兎, 壱百満天原サロメ"
えだまめ,"ましろ爻, メリッサ・キンレンカ"
エデン海賊団,"ローレン・イロアス, レオス・ヴィンセント, オリバー・エバンス, レイン・パターソン"
エデン組,"アクシア・クローネ, ローレン・イロアス, レオス・ヴィンセント, オリバー・エバンス, レイン・パターソン"
エデン紅組,"ローレン・イロアス, レイン・パターソン"
えなかき,"える, 長尾景, 綺沙良"
EnnaMillie,"Enna Alouette, Millie Parfait"
ENIGMA,"葛葉, フレン・E・ルスタリオ, レオス・ヴィンセント, Meloco Kyoran"
NJ Destroy,"成瀬鳴, ラトナ・プティ, 奈羅花"
NPG,"風楽奏斗, Ike Eveland"
evergreen nerd,"笹木咲, 魔界ノりりむ, 社築, 卯月コウ, リゼ・ヘルエスタ"
えびいくら,"エクス・アルビオ, 伊波ライ, 倉持めると"
えびえび・えびる,"でびでび・でびる, エクス・アルビオ"
エビ仙,"緑仙, エクス・アルビオ"
エビチリ,"三枝明那, エクス・アルビオ"
えびのすめし,"エクス・アルビオ, 葉加瀬冬雪, 加賀美ハヤト, 夜見れな"
エビバディ,"エクス・アルビオ, ローレン・イロアス, 風楽奏斗, 叢雲カゲツ"
エビマル,"エクス・アルビオ, アルス・アルマル"
えまかざ,"森中花咲, えま★おうがすと"
えまふる王国,"春崎エアル, 葉山舞鈴, フミ, ルイス・キャミー"
えまンゴ,"えま★おうがすと, 周央サンゴ"
emumits,"愛園愛美, ニュイ・ソシエール, 五十嵐梨花"
ERRors,"える, 夕陽リリ, 緑仙"
ERR999,"静凛, シェリン・バーガンディ, ルイス・キャミー, ミラン・ケストレル"
えりぶり,"一橋綾人, 五木左京"
LLカニ缶,"える, 神田笑一, 春崎エアル, 愛園愛美"
えるかざ,"える, 森中花咲"
えるかざガク,"える, 伏見ガク, 森中花咲"
えるしば,"える, 黒井しば"
えるちー/サイコ組,"勇気ちひろ, える"
えるハジ,"える, 渋谷ハジメ"
エルフもヒーローになり隊,"える, 花畑チャイカ, 赤城ウェン"
えるみとの時代,"月ノ美兎, える"
えるむぎ,"える, 家長むぎ"
えるえるメロメロ,"える, Meloco Kyoran"
Electronic Rainbow Tactics(ERT),"渋谷ハジメ, 叶, 葛葉, でびでび・でびる, イブラヒム"
ErgK,"卯月コウ, ましろ爻, レオス・ヴィンセント"
演劇組,"物述有栖, 文野環, 鈴木勝, 神田笑一, でびでび・でびる, ジョー・力一, 愛園愛美, 健屋花那, えま★おうがすと, ルイス・キャミー, 魔使マオ"
Angelfeesh,"Finana Ryugu, Aia Amare"
園児組,"長尾景, 弦月藤士郎"
オアシス組,"空星きらめ, 朝日南アカネ"
OIOI,"西園チグサ, ヌン・ボラ"
追い風,"社築, 不破湊, グウェル・オス・ガール, 甲斐田晴"
桜琥春嵐,"春崎エアル, 桜凛月, 東堂コハク, 五十嵐梨花"
おうとう,"周央サンゴ, 東堂コハク"
おえかきりりむ,"える, 魔界ノりりむ, 神田笑一, 北小路ヒスイ, オリバー・エバンス"
OHK,"風楽奏斗, Bonnivier Pranaja"
OTN,"名伽尾アズマ, 花畑チャイカ, 社築"
OKA-MAO,"花畑チャイカ, 魔使マオ"
女将と亜人,"小野町春香, レヴィ・エリファ"
お給仕カルテット,"夢月ロア, 小野町春香, 愛園愛美, エリー・コニファー"
屋上組,"オリバー・エバンス, Petra Gurin, Shu Yamino"
おくちぽかんだ,"本間ひまわり, 魔界ノりりむ, 神田笑一, 西園チグサ, アクシア・クローネ"
おさいふ,"風楽奏斗, オ・ジユ, 佐伯イッテツ"
おさしみ～ん,"夢追翔, 天宮こころ, Rai Galilei, ソ・ナギ"
おしぃりぃ,"魔界ノりりむ, 椎名唯華"
おしぃりぃまわり,"本間ひまわり, 魔界ノりりむ, 椎名唯華"
おじさんじ,"叶, 不破湊, 渡会雲雀"
おじさんとねこ,"文野環, 花畑チャイカ, 社築, 舞元啓介"
おしゃクソ類人猿,"オリバー・エバンス, Meloco Kyoran"
おしゃピク,"花畑チャイカ, 社築, 戌亥とこ, フレン・E・ルスタリオ, 赤城ウェン"
お寿司大好き倶楽部,"リゼ・ヘルエスタ, 不破湊, オリバー・エバンス"
おそろしいましゃお,"笹木咲, でびでび・でびる, 葉山舞鈴, 夜見れな"
オタクキラーズ,"郡道美玲, 星川サラ"
オチャマル,"花畑チャイカ, アルス・アルマル, オ・ジユ"
おっさんゲームス,"社築, 舞元啓介"
Ottaspace,"Miyu Ottavia, Azura Cecillia"
OHHO,"アルス・アルマル, イブラヒム, ローレン・イロアス"
音ゲー師弟,"社築, エリー・コニファー"
漢組(初代),"渋谷ハジメ, 鈴谷アキ"
漢組,"渋谷ハジメ, 鈴谷アキ, 伏見ガク, ギルザレンIII世, 剣持刀也"
おとこたち,"剣持刀也, 葛葉, 加賀美ハヤト, 不破湊, イブラヒム"
おなえどし,"出雲霞, 鈴木勝, 卯月コウ"
おにいちゃんといっしょ！,"宇志海いちご, 夕陽リリ, 三枝明那, 不破湊, 風楽奏斗"
ONIPANDA,"笹木咲, ラトナ・プティ, 奈羅花"
鬼蛇組,"樋口楓, 卯月コウ, 笹木咲, 鷹宮リオン, レオス・ヴィンセント, Meloco Kyoran, ミラン・ケストレル"
鬼笑組,"竜胆尊, でびでび・でびる, ジョー・力一, 早瀬走, 不破湊"
おののみれい,"郡道美玲, 小野町春香"
おばけいさつ,"Shu Yamino, Sonny Brisko, Meloco Kyoran"
OBBK,"先斗寧, 鏑木ろこ, 立伝都々, 早乙女ベリー"
OBSYDIA,"Rosemi Lovelock, Petra Gurin"
オフロキャンセル界隈,"夢追翔, 雪城眞尋, 石神のぞみ, 緋八マナ"
おぼろぐも,"春崎エアル, 空星きらめ, 叢雲カゲツ"
#お前もう船降りなイカ？,"桜凛月, 葉山舞鈴, 奈羅花, 甲斐田晴"
お前もふわふわよいしょにしてやろうか！,"海妹四葉, ミン・スゥーハ, 早乙女ベリー, 雲母たまこ"
おめめぐみ,"司賀りこ, 珠乃井ナナ"
おもてなし組,"小野町春香, エリー・コニファー, 七瀬すず菜"
親子コラボ,"ベルモンド・バンデラス, 黒井しば"
お屋敷組,"ドーラ, シスター・クレア, 緑仙, 卯月コウ, 八朔ゆず, 鷹宮リオン, 竜胆尊, ジョー・力一"
およ家,"海妹四葉, Luca Kaneshiro, Alban Knox"
Oriens,"佐伯イッテツ, 赤城ウェン, 宇佐美リト, 緋八マナ"
おりコウ,"魔界ノりりむ, 卯月コウ"
おりひめばるつ,"フミ, 星川サラ, 山神カルタ, 長尾景, 弦月藤士郎, 甲斐田晴"
織姫星,"フミ, 星川サラ, 山神カルタ"
おれんじさんじ,"伏見ガク, 本間ひまわり, 宇佐美リト, 五十嵐梨花"
On the Trip,米汀
女の嫌なところ,"笹木咲, 椎名唯華, 郡道美玲, 御伽原江良"
おんぶにだっこ,"社築, 魔使マオ, フレン・E・ルスタリオ"
オンリーアップ組,"椎名唯華, 星川サラ, フレン・E・ルスタリオ, 叢雲カゲツ"
かいさン,"笹木咲, 鷹宮リオン, 黛灰"
解散,"赤羽葉子, 笹木咲, 椎名唯華, 緑仙"
解呪ノシ,"夕陽リリ, ラトナ・プティ, イブラヒム, 北小路ヒスイ, 風楽奏斗"
解凍かにたま,"愛園愛美, えま★おうがすと, 甲斐田晴"
灰白色花玲,"郡道美玲, 黛灰, 健屋花那"
海洋恐怖症団,"椎名唯華, 鷹宮リオン, でびでび・でびる, 石神のぞみ, Kotoka Torahime"
乖離,"夕陽リリ, 黛灰"
楓と美兎,"月ノ美兎, 樋口楓"
カエデリコ,"樋口楓, エリー・コニファー"
かえみとがびと,"月ノ美兎, 樋口楓, 伏見ガク, 剣持刀也"
かえる,"える, 樋口楓"
かえるっち,"勇気ちひろ, える, 樋口楓"
かえるりん/樋口楓クイズ/かえるん,"える, 樋口楓, 静凛"
かがみもち,"剣持刀也, 加賀美ハヤト"
楽団,"鈴木勝, エリー・コニファー, えま★おうがすと, セラフ・ダズルガーデン, 立伝都々"
ガクらん,"伏見ガク, 早瀬走"
カゲぐさ,"三枝明那, 叢雲カゲツ"
かざガク,"伏見ガク, 森中花咲"
かざとこ,"森中花咲, 戌亥とこ"
かざひま,"森中花咲, 本間ひまわり"
かざリリむぎたま,"家長むぎ, 夕陽リリ, 文野環, 森中花咲"
カシュからのグイ,"愛園愛美, レイン・パターソン, 先斗寧, 赤城ウェン"
かじゅかなきらっとおす！,"叶, 空星きらめ, レオス・ヴィンセント"
かずのこ∞,"叶, 笹木咲, 安土桃"
風ノ国,"社築, レオス・ヴィンセント, 石神のぞみ, ソフィア・ヴァレンタイン"
片目隠れズ,"健屋花那, 弦月藤士郎"
ガチ屑農家,"魔界ノりりむ, 椎名唯華, 花畑チャイカ, 舞元啓介"
花鳥牛月,"卯月コウ, 渡会雲雀"
ガッ灰,"伏見ガク, 黛灰"
カップルLINE査定委員会,"魔界ノりりむ, 卯月コウ, 鷹宮リオン, 黛灰"
華道部,"花畑チャイカ, ルイス・キャミー, フレン・E・ルスタリオ, ソフィア・ヴァレンタイン, Kotoka Torahime"
叶カンパニー,"樋口楓, 叶, 星川サラ, ローレン・イロアス"
かなえぼし,"叶, 星川サラ"
叶え葉,"叶, 赤羽葉子"
叶え葉ぐんかん,"叶, 赤羽葉子, 神田笑一, 郡道美玲"
かなしいくず,"叶, 葛葉, 椎名唯華"
かなしいな,"叶, 椎名唯華"
かなちーくず,"勇気ちひろ, 叶, 葛葉"
かなぽん斗,"先斗寧, 風楽奏斗"
かなひま,"叶, 本間ひまわり"
かなふぇあ,"叶, ふぇありす"
かなめいじー,"叶, 童田明治"
カニカマ,"花畑チャイカ, 愛園愛美"
カニハチミツ丼,"緋八マナ, 小柳ロウ, 伊波ライ"
カニやりますね,"葛葉, 舞元啓介, 成瀬鳴, アルス・アルマル, フミ"
カビババア,"魔界ノりりむ, 星川サラ"
かぶがらし,"鏑木ろこ, 五十嵐梨花"
がぶっく,"獅子堂あかり, 石神のぞみ, ソフィア・ヴァレンタイン, 倉持めると"
かぷちーの,"勇気ちひろ, ラトナ・プティ, 甲斐田晴"
がぶりえら,"童田明治, 御伽原江良"
かみなり,"神田笑一, ヤン・ナリ"
かむぽたーじゅ,"天ヶ瀬むゆ, 先斗寧, 風楽奏斗, 渡会雲雀"
かやはら姉妹,"瀬戸美夜子, 健屋花那"
唐揚げレモン,"える, 郡道美玲"
鴉,"叶, 葛葉, エクス・アルビオ, 不破湊, イブラヒム, 叢雲カゲツ"
KaRmel,"山神カルタ, 倉持めると"
カリスマ三姉妹,"静凛, 夕陽リリ, 森中花咲"
カルガモ部隊WIN,"叶, 愛園愛美, イ・ロハ"
カルテドコドコ,"える, 健屋花那"
カルピス,"伏見ガク, 山神カルタ"
かわのおしゃかな,"叶, 社築, 小野町春香, 星川サラ"
敢敢心心,七海
関西元気保安協会,"本間ひまわり, 椎名唯華"
寒色シスターズ,"夕陽リリ, 森中花咲, 黛灰, 相羽ういは"
神鳴月,"成瀬鳴, フミ, 弦月藤士郎"
きーたぜ,"北見遊征, ルンルン, 雲母たまこ"
きーぷらすなな,"珠乃井ナナ, 綺沙良"
きさまっちょ,"綺沙良, ルンルン"
きさらずべり,"綺沙良, 早乙女ベリー"
きさりこ,"司賀りこ, 綺沙良"
騎士花イ星,"健屋花那, フレン・E・ルスタリオ, 弦月藤士郎, 空星きらめ"
奇人兄弟,"ジョー・力一, ミラン・ケストレル"
GSGS,"樋口楓, 瀬戸美夜子"
きずなにじゅうまる,"える, シスター・クレア, ベルモンド・バンデラス, ヤン・ナリ"
Kismet,弥月
北チーム,"笹木咲, 社築, 神田笑一, でびでび・でびる, ベルモンド・バンデラス, 不破湊, 空星きらめ, ハ・ユン, 鏑木ろこ, 石神のぞみ, 倉持めると, ミラン・ケストレル, 榊ネス, 司賀りこ, 綺沙良, 早乙女ベリー, 雲母たまこ"
汚いレレササ,"笹木咲, レオス・ヴィンセント"
ギックリ腰トリオ,"舞元啓介, 葉山舞鈴, アルス・アルマル"
KIDS,"える, 樋口楓, 花畑チャイカ, レオス・ヴィンセント"
ギバライカ,"花畑チャイカ, 御伽原江良"
キムチで殴るぞ,"西園チグサ, ヌン・ボラ"
鬼門ズ,"東堂コハク, 北小路ヒスイ"
ぎゃうるふ,"赤城ウェン, 小柳ロウ"
Caps Lock,"レヴィ・エリファ, フミ, グウェル・オス・ガール"
GALSだとか,"樋口楓, 笹木咲, 椎名唯華, 鷹宮リオン, 不破湊, イブラヒム, ローレン・イロアス, 渡会雲雀"
ギャルと韻キャ,"石神のぞみ, 倉持めると, 赤城ウェン, 小柳ロウ"
救済しナイト★,"シスター・クレア, 星川サラ, 不破湊"
キュートメンズ海賊団,"三枝明那, 渡会雲雀, 赤城ウェン, 北見遊征"
きゅーぺっと,"竜胆尊, 鏑木ろこ, 栞葉るり, 司賀りこ"
ぎゅぎゅっと,"鷹宮リオン, でびでび・でびる, 早乙女ベリー"
Q,"奈羅花, イブラヒム, ローレン・イロアス, 獅子堂あかり, 伊波ライ"
きゅん,"赤城ウェン, 叢雲カゲツ"
狂犬ズと飼い主ズ,"町田ちま, 夢追翔, 黒井しば"
巨神王,"笹木咲, 神田笑一, 葉山舞鈴"
巨乳s,"ドーラ, 三枝明那, 早瀬走, ルイス・キャミー"
きらきら温泉,"小野町春香, 空星きらめ"
きらモインゴ,"モイラ, 空星きらめ, 周央サンゴ"
雲母部,"天宮こころ, 七瀬すず菜, 雲母たまこ"
きらンゴ,"空星きらめ, 周央サンゴ"
ぎりぎり,"リュ・ハリ, ヤン・ナリ, シン・ギル"
ギリギリ～ず,"モイラ, シスター・クレア, 加賀美ハヤト"
きるしてにぱする5秒前,"葉山舞鈴, 弦月藤士郎, 榊ネス, 雲母たまこ"
キル社会科見学,"葉加瀬冬雪, 加賀美ハヤト, 東堂コハク, 西園チグサ"
きるぜむおーる☆,"文野環, 舞元啓介, 三枝明那, フミ, 弦月藤士郎, アクシア・クローネ"
ギルとギャル,"ギルザレンIII世, 鷹宮リオン"
キルリーダー,"樋口楓, 叶, 三枝明那, ラトナ・プティ"
極肆姉妹,"鷹宮リオン, 夢追翔, ニュイ・ソシエール, 白雪巴"
銀行,"鷹宮リオン, ベルモンド・バンデラス"
筋肉フレンズ,"社築, 不破湊"
筋肉コラボ,"花畑チャイカ, 葉山舞鈴, 加賀美ハヤト, 夜見れな"
金のバカ銀のバカ,"鷹宮リオン, 葉加瀬冬雪"
グウェル・スハ・ムーユ,"グウェル・オス・ガール, 天ヶ瀬むゆ, ミン・スゥーハ"
くさおしぃりぃ,"笹木咲, 魔界ノりりむ, 葛葉, 椎名唯華"
具志堅の舞,"剣持刀也, 椎名唯華, 舞元啓介, 郡道美玲"
葛神社,"葛葉, 社築, 神田笑一"
くずござンボ,"本間ひまわり, 葛葉, 桜凛月"
くずっぷ,"葛葉, ラトナ・プティ"
くずばねおしぃりぃ,"赤羽葉子, 魔界ノりりむ, 葛葉, 椎名唯華"
くずはりりむ,"魔界ノりりむ, 葛葉"
くずひま,"本間ひまわり, 葛葉"
くずほんしゃ,"本間ひまわり, 葛葉, 社築"
くずもち,"剣持刀也, 葛葉"
くずもちいちご大福,"宇志海いちご, 剣持刀也, 葛葉, 椎名唯華"
くずもちとろあ,"剣持刀也, 葛葉, 久遠千歳, 夢月ロア"
くずンボ,"葛葉, 桜凛月"
クソゲーハンター,"エクス・アルビオ, フレン・E・ルスタリオ"
くそざこGaming,"卯月コウ, 鷹宮リオン, ベルモンド・バンデラス"
クソザコトレーナーズ,"春崎エアル, グウェル・オス・ガール, 長尾景, ソ・ナギ"
口癖御三家,"葛葉, 不破湊, イブラヒム"
くまいさん,"相羽ういは, 健屋花那"
くまもっさん,"本間ひまわり, 葛葉"
グミ組,"勇気ちひろ, ニュイ・ソシエール, 加賀美ハヤト, オリバー・エバンス"
組体操,"渋谷ハジメ, 夕陽リリ, 長尾景"
愚民ども,"エクス・アルビオ, 不破湊"
くもわり,"本間ひまわり, 叢雲カゲツ"
ク役所,"月ノ美兎, 文野環, 椎名唯華"
Krisis,"Yu Q. Wilson, Vantacrow Bringer, Vezalius Bandage"
Krisisis,"Yu Q. Wilson, Vantacrow Bringer, Vezalius Bandage, Claude Clawmark"
Krisex,"Hex Haywire, Yu Q. Wilson, Vantacrow Bringer, Vezalius Bandage"
Klime,"山神カルタ, 長尾景, 東堂コハク"
海月,"海夜叉神, 桜凛月"
CLASS:BERSERKER,"鷹宮リオン, 舞元啓介, ルイス・キャミー"
クラブタンク倶楽部,"舞元啓介, アルス・アルマル, Amicia Michella, Reza Avanluna"
CLUB.3,"本間ひまわり, アルス・アルマル, ラトナ・プティ, 不破湊, 風楽奏斗, 渡会雲雀, 五十嵐梨花, 星導ショウ, 叢雲カゲツ, ミラン・ケストレル"
くらんべりぃ,"倉持めると, 早乙女ベリー"
グリーンエメラルド,"社築, 伊波ライ, 立伝都々, 七瀬すず菜"
グリーンノーカ,"花畑チャイカ, 舞元啓介, ジョー・力一"
グリーンフレンド,"笹木咲, 魔界ノりりむ"
グリーンルージュ,"花畑チャイカ, ジョー・力一"
グループⅢ,"星導ショウ, ミラン・ケストレル, 魁星"
ぐるがみん,"矢車りね, 石神のぞみ"
クルストファー・レヴィ（夏ヴィ）,"レヴィ・エリファ, 来栖夏芽"
くるみわり,"本間ひまわり, 葛葉, 鈴原るる, 不破湊"
狂木組,"鏑木ろこ, Meloco Kyoran"
cresc.,"ドーラ, シスター・クレア, 緑仙"
紅,"シェリン・バーガンディ, ルイス・キャミー"
くれなる,"シスター・クレア, 成瀬鳴"
CloverMcOver,"Rai Galilei, Amicia Michella, Miyu Ottavia, Riksa Dhirendra"
Crossick,"健屋花那, 白雪巴"
黒ノ火廻,"叶, 本間ひまわり, 葛葉"
ChroNoiR,"叶, 葛葉"
くろのわごみほすと,"叶, 葛葉, エクス・アルビオ, 不破湊, イブラヒム"
くろのわさくゆい,"叶, 笹木咲, 葛葉, 椎名唯華"
ぐんかん,"神田笑一, 郡道美玲"
軍艦皿,"神田笑一, 郡道美玲, 星川サラ"
ぐんかんフラワーズ,"花畑チャイカ, 神田笑一, 童田明治, 郡道美玲"
ぐんぎば,"郡道美玲, 御伽原江良"
けいあい,"相羽ういは, 長尾景"
ケイトララ,"長尾景, 渚トラウト"
6WS,"Hyona Elatiora, Xia Ekavira, Mika Melatika"
ゲームる？ゲームる！,"夜見れな, 天宮こころ, 魔使マオ, レオス・ヴィンセント"
ゲームるでろーん,"樋口楓, 夜見れな, 天宮こころ, 魔使マオ"
劇団グラサンズ,"伏見ガク, 飛鳥ひな, 瀬戸美夜子"
ゲソの極み乙女,"鷹宮リオン, 天宮こころ, フレン・E・ルスタリオ, イブラヒム"
月花亜人,"森中花咲, 桜凛月, レヴィ・エリファ"
月華美人,"赤羽葉子, 椎名唯華, 竜胆尊"
月面観察部,"椎名唯華, ジョー・力一, 葉加瀬冬雪, 不破湊, Meloco Kyoran"
げまじょ,"赤羽葉子, 笹木咲, 本間ひまわり, 魔界ノりりむ, 椎名唯華"
Keluarga Roti,"Taka Radjiman, Miyu Ottavia, Azura Cecillia, Nara Haramaung"
限界織姫星,"樋口楓, 夕陽リリ, 鈴木勝, フミ, 星川サラ, 山神カルタ"
限界くろしっく,"健屋花那, 白雪巴, 弦月藤士郎, 甲斐田晴"
限界コンビ,"弦月藤士郎, 甲斐田晴"
けんきーず,"魔界ノりりむ, エクス・アルビオ, アルス・アルマル, 不破湊"
ゲンキイチバン滑り隊,"鈴木勝, 神田笑一, 弦月藤士郎, オリバー・エバンス"
けんチャイ,"剣持刀也, 花畑チャイカ"
剣持刀也と卯月コウ,"剣持刀也, 卯月コウ"
こあくまん,"魔界ノりりむ, 夢月ロア"
コウandヒバ,"卯月コウ, 渡会雲雀"
光一果,"光一, 一果"
光一弥,"光一, 弥希"
コウ一点,"える, 卯月コウ, 桜凛月, エリー・コニファー"
豪運仕立て海老の雪どけフレンチ,"ベルモンド・バンデラス, 雪城眞尋, エクス・アルビオ, フレン・E・ルスタリオ"
後悔三人衆,"夕陽リリ, 社築, 不破湊"
甲殻熊猫,"安土桃, 緑仙"
高校生組,"月ノ美兎, 剣持刀也, 椎名唯華, 葉加瀬冬雪"
皇女さん家の寧ドラゴン,"リゼ・ヘルエスタ, 先斗寧"
皇女と騎士,"リゼ・ヘルエスタ, フレン・E・ルスタリオ"
紅白アホ合戦,"童田明治, 久遠千歳"
紅白饅頭,"夢月ロア, 三枝明那, 葉加瀬冬雪, アルス・アルマル"
ごーずとばすたーず,"椎名唯華, 瀬戸美夜子"
GhostWriter,"Ike Eveland, Reimu Endou"
GOプリキュア,"赤羽葉子, 花畑チャイカ, 桜凛月, 夜見れな, 魔使マオ"
ゴーミーズ+α,"エクス・アルビオ, イブラヒム"
小顔マジック,"椎名唯華, 夜見れな, アルス・アルマル"
ゴキブリジェット,"笹木咲, 神田笑一, ベルモンド・バンデラス, アンジュ・カトリーナ, 魔使マオ, 空星きらめ"
黒夢町,"町田ちま, 夢追翔, 黒井しば"
黒夢町天,"町田ちま, 夢追翔, 黒井しば"
ここフレわんわん,"天宮こころ, フレン・E・ルスタリオ"
ココロプレデター,"社築, 舞元啓介, 葉山舞鈴"
コサイン・ボルト,"轟京子, リゼ・ヘルエスタ, アルス・アルマル, シェリン・バーガンディ, 甲斐田晴, レイン・パターソン"
ござやよ,"笹木咲, 本間ひまわり"
ござる,"本間ひまわり, 鈴原るる"
KOSANチーム,"本間ひまわり, 椎名唯華, 社築, 卯月コウ, エクス・アルビオ, 天宮こころ"
ござンボ,"本間ひまわり, 桜凛月"
こじらせハラスメント,"緑仙, 相羽ういは, 弦月藤士郎"
ご長寿チーム,"花畑チャイカ, 竜胆尊, ベルモンド・バンデラス, フミ"
コトコト雪どけバンごはん,"ベルモンド・バンデラス, 雪城眞尋, Kotoka Torahime"
今年はカニハンコが豊作らしいですよ！,"空星きらめ, 北小路ヒスイ, セラフ・ダズルガーデン, 緋八マナ"
CottonCandy,"葛葉, ラトナ・プティ"
こなちーず,"勇気ちひろ, 奈羅花"
こはっぴー,"東堂コハク, 海妹四葉"
コハルカ,"小野町春香, 東堂コハク"
コマ投げ共学高校,"社築, 壱百満天原サロメ, 佐伯イッテツ, 宇佐美リト"
コマ投げ男子校,"社築, 佐伯イッテツ, 宇佐美リト"
ゴミフレンズ,"エクス・アルビオ, フレン・E・ルスタリオ, イブラヒム"
ゴミホスト,"エクス・アルビオ, 不破湊, イブラヒム"
コミュニケーションエラー,"瀬戸美夜子, 鏑木ろこ"
今宵、,"十河ののは, 夜牛詩乃, 蝸堂みかる, 猫屋敷美紅"
今宵、ヘルエスタと夢を見る。,"リゼ・ヘルエスタ, 魁星, 早乙女ベリー"
コロコロ組,"剣持刀也, 花畑チャイカ, でびでび・でびる"
殺す,"花畑チャイカ, 舞元啓介"
こやなみ,"小柳ロウ, 伊波ライ"
56S,"セフィナ, バン・ハダ, ナ・セラ"
混沌組,"笹木咲, エクス・アルビオ, ニュイ・ソシエール"
今夜は寝かせない,"エクス・アルビオ, 不破湊"
PsyCrow,"Uki Violeta, Vantacrow Bringer"
サイゲツ,"佐伯イッテツ, 叢雲カゲツ"
サイコパスブラザーズ,"葉山舞鈴, 爻"
佐バポン,"オリバー・エバンス, 佐伯イッテツ"
最強マリオ四天王,"椎名唯華, シスター・クレア, 花畑チャイカ, でびでび・でびる"
PsyBorg,"Fulgur Ovid, Uki Violeta"
さえずみ,"三枝明那, 黛灰"
三田間,"本間ひまわり, 三枝明那, 甲斐田晴"
さかきたみ,"北見遊征, 榊ネス"
さぎょう部,"鈴木勝, 空星きらめ, 咲乃もこ"
さくゆい,"笹木咲, 椎名唯華"
さくゆいリゼアン,"笹木咲, 椎名唯華, アンジュ・カトリーナ, リゼ・ヘルエスタ"
桜組,"椎名唯華, 郡道美玲, 不破湊"
桜咲,"笹木咲, 椎名唯華, 郡道美玲, 不破湊"
桜天神宮,"鷹宮リオン, 桜凛月, 天宮こころ, 山神カルタ"
サクラトナ,"桜凛月, ラトナ・プティ"
酒渦荒-さけかす-,"竜胆尊, オリバー・エバンス"
酒かすべいびーず,"えま★おうがすと, ルイス・キャミー"
酒やメロウ,"赤城ウェン, 小柳ロウ, Meloco Kyoran"
ささしーふ,"笹木咲, 椎名唯華, 三枝明那, 不破湊"
笹のわーる,"叶, 笹木咲"
"Southern,xxxx","叶, 神田笑一, ベルモンド・バンデラス, 長尾景"
さしずすんな,"笹木咲, 葛葉, ましろ爻"
さちこ,"周央サンゴ, 東堂コハク, 西園チグサ"
（雑,"周央サンゴ, 東堂コハク, 北小路ヒスイ"
≪雑キープ/That's Keep.≫,"花畑チャイカ, 社築, 加賀美ハヤト"
ざぶぅん,"緋八マナ, 伊波ライ"
ざりがにいるか,"エクス・アルビオ, 西園チグサ"
サロメンゴ,"周央サンゴ, 壱百満天原サロメ"
3-Gu,"Taka Radjiman, Rai Galilei, Riksa Dhirendra"
三元神,"伏見ガク, 夜見れな, 星導ショウ"
三者面団,"ベルモンド・バンデラス, 郡道美玲, 夢月ロア"
3setBBQ,"Taka Radjiman, ZEA Cornelia, Hana Macchia"
3784combo!,"ドーラ, 山神カルタ, ハ・ユン, 栞葉るり, 雲母たまこ"
さんたっち,"長尾景, オリバー・エバンス, 風楽奏斗"
サンダーファイアーパンダータツヤー,"笹木咲, 叢雲カゲツ, 榊ネス"
残高ゴールド帯,"加賀美ハヤト, 不破湊, イブラヒム"
3年4組,"える, 夕陽リリ, 轟京子, シスター・クレア, 花畑チャイカ, 社築, 鈴木勝, 鷹宮リオン, 舞元啓介, でびでび・でびる, ベルモンド・バンデラス"
さんばか,"戌亥とこ, アンジュ・カトリーナ, リゼ・ヘルエスタ"
さんばかJK組,"月ノ美兎, 樋口楓, 静凛, 戌亥とこ, アンジュ・カトリーナ, リゼ・ヘルエスタ"
さんばきゅらす,"戌亥とこ, アンジュ・カトリーナ, リゼ・ヘルエスタ, 天ヶ瀬むゆ, 先斗寧, 海妹四葉"
花園快晴,"森中花咲, 甲斐田晴, 西園チグサ"
さんぷれっ,"本間ひまわり, ラトナ・プティ"
三ミ一体,"伏見ガク, 宇佐美リト, 北見遊征"
CR忍物語虹色Ver,"夕陽リリ, 叶, 葛葉, イブラヒム"
Cチーム,"長尾景, レオス・ヴィンセント, ルンルン"
CUV2,"Vox Akuma, Uki Violeta, Vezalius Bandage, Claude Clawmark"
しぃぇあ～るなんよ,"椎名唯華, 夜見れな"
飼育員とレッサーパンダ,"ラトナ・プティ, 早瀬走"
シージ部,"叶, 赤羽葉子, 葛葉, 椎名唯華, 月見しずく, アンジュ・カトリーナ, 夜見れな"
しぃせん組,"椎名唯華, 郡道美玲"
しぃとベルと,"椎名唯華, ベルモンド・バンデラス"
SEEDs1期生出身,"ドーラ, 海夜叉神, 名伽尾アズマ, 出雲霞, 轟京子, シスター・クレア, 花畑チャイカ, 社築, 安土桃, 鈴木勝, 緑仙, 卯月コウ, 八朔ゆず"
しぃラボ,"椎名唯華, 葉加瀬冬雪"
SiiRii,"椎名唯華, 鷹宮リオン"
しぇあぱぴ,"レイン・パターソン, 海妹四葉"
JJC,"千春, 勾檀, 吉吉"
JS組,"勇気ちひろ, 宇志海いちご, 森中花咲"
JKL,"月ノ美兎, える, 樋口楓, 静凛"
JK組,"月ノ美兎, 樋口楓, 静凛"
JKすぎてぴえん,"椎名唯華, 鷹宮リオン, イブラヒム"
JCグミ,"出雲霞, 安土桃, 八朔ゆず"
シェキナベイ部,"ベルモンド・バンデラス, 三枝明那, シェリン・バーガンディ, イブラヒム"
ジェネギャ～,"樋口楓, 社築, 夜見れな, セラフ・ダズルガーデン"
†椎獄谷社†,"椎名唯華, 社築, 奈羅花"
SHIOHIGAREEEz,"鏑木ろこ, ソフィア・ヴァレンタイン, 倉持めると"
しかばねぱんだ,"赤羽葉子, 緑仙"
四季オリ花,"健屋花那, オリバー・エバンス, 四季凪アキラ"
卍S1GN4L卍,"奈羅花, 西園チグサ"
S1GNA7,"立伝都々, 珠乃井ナナ, 早乙女ベリー"
ししじゅうろく,"海妹四葉, 四季凪アキラ"
師匠と弟子とヒモ,"勇気ちひろ, 樋口楓, 鷹宮リオン"
シスター四姉妹,"シスター・クレア, 不破湊, ミラン・ケストレル, 魁星"
自然組,"える, 花畑チャイカ, 葉山舞鈴"
下組,"郡道美玲, 不破湊, イブラヒム"
四天王,"魔界ノりりむ, エリー・コニファー, えま★おうがすと, イブラヒム"
じ-2,"葉加瀬冬雪, 加賀美ハヤト, 夜見れな, 黛灰, アルス・アルマル, 相羽ういは, 天宮こころ, エリー・コニファー, ラトナ・プティ"
しばカルタ,"黒井しば, 山神カルタ"
しばとも(仮),"黒井しば, 白雪巴"
渋谷大ガク,"渋谷ハジメ, 伏見ガク"
渋谷のかなえぼし,"叶, 星川サラ"
西米露,"弥希, 星弥"
小海梓,七海
若輩チーム,"森中花咲, 鈴木勝, 風楽奏斗, 立伝都々"
じゃこポテト,"三枝明那, レイン・パターソン, ミン・スゥーハ, ハ・ユン"
正義執行,"叶, 葛葉, 不破湊"
JαCK,"渋谷ハジメ, 魔界ノりりむ, 花畑チャイカ, 社築, ベルモンド・バンデラス, 夢追翔, 夢月ロア, エクス・アルビオ, 加賀美ハヤト, フレン・E・ルスタリオ, メリッサ・キンレンカ, イブラヒム"
ジャッジメント,"森中花咲, 魔界ノりりむ, エクス・アルビオ, 渡会雲雀, ミン・スゥーハ"
ジャンバラヤ～ズ(仮),"鏑木ろこ, 七瀬すず菜"
shuuki,"Shu Yamino, Uki Violeta"
13たい組,"魔界ノりりむ, 鈴木勝, 卯月コウ, 雲母たまこ"
囚人組,"渋谷ハジメ, 叶, 葛葉, 天開司, ふぇありす"
十人十色,"笹木咲, 魔界ノりりむ, 椎名唯華, 鷹宮リオン, 竜胆尊, 久遠千歳, 郡道美玲, 夢月ロア, アンジュ・カトリーナ, リゼ・ヘルエスタ"
JuvveL,"月ノ美兎, 夕陽リリ, 本間ひまわり, 竜胆尊, 奈羅花"
しゅがれあ,"シスター・クレア, 司賀りこ"
春夏秋冬,"樋口楓, 葉加瀬冬雪, えま★おうがすと, 甲斐田晴"
春神師弟組,"春崎エアル, 山神カルタ"
嬢K組,"月ノ美兎, 樋口楓, 静凛, 壱百満天原サロメ"
小5組,"小清水透, 五十嵐梨花"
情報差分組,"長尾景, 赤城ウェン, 星導ショウ, 榊ネス"
女王と会長,"白雪巴, 来栖夏芽"
ジョークレア,"シスター・クレア, ジョー・力一"
女子会組,"春崎エアル, 黒井しば, 山神カルタ"
女子騎士祓魔師鑑定士,"フレン・E・ルスタリオ, 長尾景, 先斗寧, 星導ショウ"
女子高花畑,"椎名唯華, 花畑チャイカ, 卯月コウ, ジョー・力一"
SiriuS,"雪城眞尋, 空星きらめ"
自立ガールズ,"森中花咲, 雪城眞尋"
私立だいさんじ学園,"剣持刀也, 花畑チャイカ, 緑仙, 鷹宮リオン"
SiRik,"Riksa Dhirendra, Siska Leontyne"
シリンソウ,"叶, 赤羽葉子, 本間ひまわり, 葛葉"
THE lejouet,"緑仙, ジョー・力一, 加賀美ハヤト"
SilverDevilS,"舞元啓介, でびでび・でびる, 葉山舞鈴, アルス・アルマル"
白いカラス,"椎名唯華, レヴィ・エリファ, 葉加瀬冬雪, 山神カルタ"
白って200色あんねん,"魔界ノりりむ, 葉加瀬冬雪, えま★おうがすと, Derem Kado"
SIN-CHRONICITY,"三枝明那, 風楽奏斗, 渡会雲雀"
神速RTA,"叶, 魔界ノりりむ, 安土桃, 白雪巴, 北小路ヒスイ, ローレン・イロアス"
深夜警察24痔,"舞元啓介, 夜見れな, アルス・アルマル, 栞葉るり"
深夜三傑RKS,"静凛, 渋谷ハジメ, 叶"
深夜ふれんず。,"葉山舞鈴, 夜見れな, アルス・アルマル"
深夜部,"ミン・スゥーハ, イ・シウ, シン・ギル"
SAC,"渋谷ハジメ, 鈴木勝, 相羽ういは"
スイートムーンなり！,"天宮こころ, 空星きらめ, ヤン・ナリ"
水滴石穿,"オリバー・エバンス, Enna Alouette, Sonny Brisko, Yu Q. Wilson"
すうぃ～とろ～る,"叶, 天宮こころ, ミン・スゥーハ, 星導ショウ, 榊ネス"
suuki,"ミン・スゥーハ, Uki Violeta"
すーぱーかりすまにーと,"小清水透, 石神のぞみ"
スーパー銭湯しぐれ,"鷹宮リオン, エリー・コニファー, グウェル・オス・ガール, 鏑木ろこ"
スカイスクレープ,"魔使マオ, イブラヒム, 天ヶ瀬むゆ, 渡会雲雀"
ずきゅばっきゅん,"夕陽リリ, 本間ひまわり, 奈羅花, 獅子堂あかり"
SKB,"鈴鹿詩子, 竜胆尊, 郡道美玲, アンジュ・カトリーナ"
すけべーっくす,"える, 郡道美玲, アンジュ・カトリーナ"
すこぼし,"健屋花那, 星川サラ"
すこやかラボ,"葉加瀬冬雪, 健屋花那"
すこらび,"壱百満天原サロメ, ソフィア・ヴァレンタイン"
SC,"葉加瀬冬雪, 加賀美ハヤト"
ずしり,"魔界ノりりむ, 葛葉, 椎名唯華"
鈴かすたーど,"出雲霞, シスター・クレア, 鈴木勝"
すずべりたまそま,"七瀬すず菜, 早乙女ベリー, 雲母たまこ, 酒寄颯馬"
鈴谷と鈴木,"鈴谷アキ, 鈴木勝"
素DT,"三枝明那, 甲斐田晴"
すとろべあ,"宇志海いちご, 森中花咲"
ストロベル,"宇志海いちご, ベルモンド・バンデラス"
スノーベル,"ベルモンド・バンデラス, 白雪巴"
SNOWPOP,"ラトナ・プティ, ヌン・ボラ"
スノーリベンジャーズ,"本間ひまわり, 不破湊, 甲斐田晴"
スハッキーナ,"三枝明那, ミン・スゥーハ"
すぱいしー,"小清水透, ソフィア・ヴァレンタイン"
すぱい☆どりーむ,"天ヶ瀬むゆ, 四季凪アキラ"
スピンゴ,"周央サンゴ, 北小路ヒスイ"
スプラ四天王(笑),"笹木咲, 春崎エアル, 不破湊, 長尾景"
すぷれあ,"皇れお, 篠宮ゆの, 城瀬いすみ, 花籠つばさ"
Speciale,"七瀬すず菜, 早乙女ベリー, 雲母たまこ, 酒寄颯馬, 渚トラウト"
空白長押,"春崎エアル, 長尾景, 弦月藤士郎, 東堂コハク"
SMC,"葉加瀬冬雪, 加賀美ハヤト, 夜見れな"
すめしとバラン,"花畑チャイカ, 葉加瀬冬雪, 加賀美ハヤト, 夜見れな"
SMM,"葉加瀬冬雪, 夜見れな, レオス・ヴィンセント"
すももぐみ,"安土桃, 竜胆尊, 郡道美玲, 健屋花那"
すもも幼稚園,"宇志海いちご, 笹木咲, 闇夜乃モルル, 本間ひまわり, 魔界ノりりむ"
3 idiots,"Aadya, Vihaan, Noor"
3HBC,"緋八マナ, 北見遊征, 魁星, 榊ネス"
3AKG,"赤城ウェン, 北見遊征, 魁星, 榊ネス"
SSS,"Elira Pendora, Rosemi Lovelock, Shu Yamino, Ren Zotto"
3SKM,"北見遊征, 魁星, 榊ネス"
3CM,"エリー・コニファー, Alban Knox, Klara Charmwood"
3BS,"天宮こころ, ラトナ・プティ, 奈羅花"
3FicLite,"Etna Crimson, Bonnivier Pranaja, Siska Leontyne"
THRONES,"アクシア・クローネ, ローレン・イロアス"
青学の柱,"社築, 鈴木勝, エクス・アルビオ, 夜見れな, ラトナ・プティ, 魔使マオ, フレン・E・ルスタリオ"
晴星,"フミ, 星川サラ, 長尾景, 甲斐田晴"
征星堂々,"北見遊征, 魁星"
seisoxiem/清楚シエム,"Ike Eveland, Luca Kaneshiro, Shu Yamino"
清楚メンバー,"セフィナ, ナ・セラ"
聖,"郡道美玲, 天宮こころ, ルイス・キャミー"
SaLe,"Rai Galilei, Riksa Dhirendra"
世界最強,"樋口楓, 瀬戸美夜子"
世界取りに来ました,"葛葉, でびでび・でびる, エクス・アルビオ, 空星きらめ"
セカンドペンギン,"葛葉, 山神カルタ, ローレン・イロアス, セフィナ"
セクスィー色に染まらなイカ？,"白雪巴, オリバー・エバンス, 七瀬すず菜, 蝸堂みかる"
せせらぎ組,"海妹四葉, 鏑木ろこ, 四季凪アキラ, セラフ・ダズルガーデン"
雪月,"シスター・クレア, 白雪巴, 弦月藤士郎, 海妹四葉"
セト神,"神田笑一, 瀬戸美夜子"
Sepiast,"樋口楓, 静凛, 夕陽リリ, 戌亥とこ, ニュイ・ソシエール, フミ, 白雪巴"
Zeffiro,"風楽奏斗, 渡会雲雀"
せめ4(口癖四天王),"葛葉, 不破湊, イブラヒム, ローレン・イロアス"
セライノミライ,"Rai Galilei, ナ・セラ"
セラセラ,"セラフ・ダズルガーデン, ナ・セラ"
SRY,"セラフ・ダズルガーデン, ハ・ユン, 宇佐美リト"
世怜音,"朝日南アカネ, 周央サンゴ, 東堂コハク, 北小路ヒスイ, 西園チグサ"
セレじょ高等部組,"朝日南アカネ, 東堂コハク, 西園チグサ"
53Renade,"Nagisa Arcinia, Derem Kado, Reza Avanluna"
先斬後奏,"アクシア・クローネ, 風楽奏斗, ハ・ユン"
前日の渋谷ハジメの3Dを全力で応援する会,"渋谷ハジメ, 神田笑一, 郡道美玲, グウェル・オス・ガール"
せんせいの、あのね,"樋口楓, 雪城眞尋, 東堂コハク, オリバー・エバンス"
1000円飲み放題,"社築, 五十嵐梨花, 星導ショウ, 伊波ライ"
騒音姉妹,"赤羽葉子, 郡道美玲"
そうでもねぇ,"魔界ノりりむ, 社築, 桜凛月, 加賀美ハヤト"
颯馬ゴースティングWIN,"フレン・E・ルスタリオ, 長尾景, レオス・ヴィンセント, 魁星, 五木左京"
双龍会,"リゼ・ヘルエスタ, 加賀美ハヤト"
袖無しとメッシュトリオ,"夢追翔, 三枝明那, 黛灰, 不破湊"
袖無しブラックリリィ,"夢追翔, 黒井しば"
そとべこ,"ソフィア・ヴァレンタイン, 立伝都々, 司賀りこ, 早乙女ベリー"
ソフィと健屋,"健屋花那, ソフィア・ヴァレンタイン"
そふぃめる,"ソフィア・ヴァレンタイン, 倉持めると"
そふぃろこ,"鏑木ろこ, ソフィア・ヴァレンタイン"
そまたま,"雲母たまこ, 酒寄颯馬"
それゆけ！かなえ,"夕陽リリ, 叶, レヴィ・エリファ, 天宮こころ, 長尾景"
そるとれいる,"本間ひまわり, 司賀りこ, 蝸堂みかる"
忖度フィニッシャーズ,"える, 愛園愛美, 長尾景"
†Dark Inferno Dragon†,"叶, 葛葉"
耐久ズ,"椎名唯華, 夜見れな, 魔使マオ, レオス・ヴィンセント"
だいさんじ杯,"渋谷ハジメ, 叶, 魔界ノりりむ, 葛葉, 椎名唯華, 花畑チャイカ, 卯月コウ, 舞元啓介, 天開司"
ダイナ蝶,"ルイス・キャミー, 魔使マオ"
第2434小隊,"渋谷ハジメ, 神田笑一, 小野町春香, 愛園愛美, フミ"
たいようがかり,"伏見ガク, 本間ひまわり"
太陽組,"風楽奏斗, 渡会雲雀, 北見遊征"
太陽チーム,"樋口楓, 魔界ノりりむ, 椎名唯華, 花畑チャイカ, 葉山舞鈴, 長尾景, ローレン・イロアス, レオス・ヴィンセント"
『絶え間なく突撃』,"奈羅花, 長尾景, 渡会雲雀, 榊ネス"
桃花酥,"花礼, 点酥, 桃代"
鷹匠,"鷹宮リオン, ジョー・力一"
TakaCia,"Taka Radjiman, Amicia Michella"
たかのぞみ,"鷹宮リオン, 石神のぞみ"
たたかいはタイミング,"イ・シウ, バン・ハダ, ハ・ユン"
たすかみ,"鷹宮リオン, ましろ爻, 風楽奏斗, 倉持めると"
DuskMania,"Maria Marionette, Doppio Dropscythe"
田角美術室,"花畑チャイカ, ジョー・力一, 夢追翔"
タバコと香水とリップ,"桜凛月, レオス・ヴィンセント, 天ヶ瀬むゆ"
タピオカ女子,"社築, フミ, 星弥"
WoB(Wipeout of Blue),"甲斐田晴, 先斗寧, ミン・スゥーハ, Yugo Asuma"
ダブルスリーブ,"社築, 加賀美ハヤト"
たまき・おす・がーる,"文野環, グウェル・オス・ガール"
たまごさらだ,"七瀬すず菜, 雲母たまこ"
たまひろ,"文野環, 雪城眞尋"
たまもの,"物述有栖, 文野環"
たまりこ,"文野環, 司賀りこ"
たまンゴ,"文野環, 周央サンゴ"
タメナンデス（タメジャナインデス）,"長尾景, オリバー・エバンス"
タリキホンガンジム,"夕陽リリ, エクス・アルビオ, 夜見れな, 不破湊, 白雪巴"
タルコフ部,"叶, 葛葉, 黛灰, 不破湊, イブラヒム"
だるねむ,"酒寄颯馬, 渚トラウト"
だるねむえりぶり,"酒寄颯馬, 渚トラウト, 一橋綾人, 五木左京"
ダレパンダ,"笹木咲, ベルモンド・バンデラス"
タンクトップサウナ,"エクス・アルビオ, ローレン・イロアス, 渡会雲雀"
探偵と助手,"三枝明那, シェリン・バーガンディ"
ちーういうたひまかざ,"勇気ちひろ, 鈴鹿詩子, 森中花咲, 本間ひまわり, 相羽ういは"
ちーかざちー(ちーかざ/かざちー),"勇気ちひろ, 森中花咲"
ちーハジ,"勇気ちひろ, 渋谷ハジメ"
チームIDD～アイドルダンス同好会～,"ドーラ, シスター・クレア, 山神カルタ, 東堂コハク, レイン・パターソン, 海妹四葉"
チームいくらどん,"轟京子, 桜凛月, 愛園愛美, 弦月藤士郎"
チームABC,"える, 雪城眞尋, 長尾景"
チームSBS,"ミン・スゥーハ, イ・シウ, バン・ハダ"
チームSSR,"Reimu Endou, Shu Yamino"
チームMLP,"Pomu Rainpuff, Millie Parfait, Luca Kaneshiro"
ちーむお団子,"桜凛月, 天宮こころ, 長尾景"
ちーむおひめさま,"物述有栖, 叶, 雪城眞尋, 山神カルタ"
チームグリードアイランド,"花畑チャイカ, 加賀美ハヤト, グウェル・オス・ガール"
チームケツデカ,"鷹宮リオン, 天宮こころ, レオス・ヴィンセント, レイン・パターソン"
チーム公民館,"本間ひまわり, 椎名唯華, 社築, 卯月コウ, エクス・アルビオ, 天宮こころ"
チームコンビニ,"叶, 葛葉, 不破湊"
Team The Uruca,"桜凛月, 天宮こころ, ラトナ・プティ, 奈羅花"
チーム,"郡道美玲, 加賀美ハヤト, フミ, 奈羅花"
チームジャス,"花畑チャイカ, 加賀美ハヤト, オリバー・エバンス"
チーム10,"文野環, 魔界ノりりむ, 椎名唯華"
チーム女子会,"静凛, 渋谷ハジメ, 葉山舞鈴, 相羽ういは"
チームゼウス(2023年),"桜凛月, 天宮こころ, ルイス・キャミー"
チーム旋律のブルー,"ベルモンド・バンデラス, 加賀美ハヤト, 長尾景"
チーム他責,"本間ひまわり, 椎名唯華, 星導ショウ, 小柳ロウ"
チームたにん,"魔界ノりりむ, 花畑チャイカ, 社築, リゼ・ヘルエスタ"
チームチャイコフスキー,"花畑チャイカ, グウェル・オス・ガール, オリバー・エバンス"
チームテキーラ/にじさんじテキーラ組,"ジョー・力一, 三枝明那, 不破湊, レオス・ヴィンセント"
チームNARAKA,"葛葉, 不破湊, 奈羅花"
チーム20代,"鈴鹿詩子, 伏見ガク"
チームノンジャス,"ベルモンド・バンデラス, グウェル・オス・ガール, 長尾景"
チームハッピーバースデー,"花畑チャイカ, ベルモンド・バンデラス, グウェル・オス・ガール"
チームバッドバースデー,"加賀美ハヤト, 長尾景, オリバー・エバンス"
チーム花園,"不破湊, 西園チグサ, 先斗寧, Reimu Endou"
チーム秘密基地,"葛葉, ラトナ・プティ, 不破湊"
チームベビパ,"月ノ美兎, える, 夜見れな, 星川サラ, グウェル・オス・ガール, 長尾景"
チーム名が決まらねェ！,"社築, 桜凛月, 小野町春香, 愛園愛美, フレン・E・ルスタリオ, オリバー・エバンス"
Team VAC,"Aster Arcadia, Vezalius Bandage, Claude Clawmark"
Team USA,"宇佐美リト, Finana Ryugu, Shu Yamino, Claude Clawmark"
Team Evil,"Ren Zotto, Doppio Dropscythe, Zeal Ginjoka, Freodore"
ちぇみすとりー,"叶, 天宮こころ, セラフ・ダズルガーデン, ヤン・ナリ, ハ・ユン"
ちぇりーぺぇ,"アンジュ・カトリーナ, ニュイ・ソシエール"
ちぐさんご,"周央サンゴ, 西園チグサ"
ちぐすぴ,"北小路ヒスイ, 西園チグサ"
ちぐにゃら,"奈羅花, 西園チグサ"
チグパタ,"西園チグサ, レイン・パターソン"
チグハック,"東堂コハク, 西園チグサ"
チグはぴ,"西園チグサ, 海妹四葉"
ちぐひば,"西園チグサ, 渡会雲雀"
チグぽん,"西園チグサ, 先斗寧"
ちちげやまいもと,"舞元啓介, アンジュ・カトリーナ, 葉山舞鈴, ニュイ・ソシエール"
ちちげやまいもとりきいち,"舞元啓介, ジョー・力一, アンジュ・カトリーナ, 葉山舞鈴, ニュイ・ソシエール"
ちとでびる,"でびでび・でびる, 久遠千歳"
ちとろあ,"久遠千歳, 夢月ロア"
ちまきえる,"勇気ちひろ, える"
血祭りブラザーズ,"葛葉, イブラヒム"
血みどろコラボ,"宇志海いちご, 伏見ガク, 闇夜乃モルル, 本間ひまわり, 葛葉"
チャイかざ明治,"森中花咲, 花畑チャイカ, 童田明治"
チャインボ,"花畑チャイカ, 桜凛月"
ちゃおにぱ,"雲母たまこ, 渚トラウト"
ちゃりーん,"樋口楓, 花畑チャイカ, 夜見れな, 魔使マオ"
ちゃるーん,"樋口楓, 花畑チャイカ, 夜見れな"
チャンピオン頂けましたら全チームに焼肉おごります,"神田笑一, 瀬戸美夜子, グウェル・オス・ガール"
973,"清良, 千春"
チューリップ組,"早瀬走, 健屋花那, シェリン・バーガンディ"
チューリングあれる,"椎名唯華, 三枝明那"
ちゅりゅーん,"樋口楓, 夜見れな, 魔使マオ"
ちょい盛り飯屋ハル,"黛灰, 不破湊"
長黒長夢長町長,"町田ちま, 夢追翔, 黒井しば, 長尾景"
Chopcon,"Claude Clawmark, Ryoma Barrenwort, Seible"
ちょまみゃ,"天宮こころ, ルンルン"
ちょまりこ,"司賀りこ, ルンルン"
ちょろひげ海賊団,"舞元啓介, ベルモンド・バンデラス, レヴィ・エリファ, 天宮こころ"
ちりつも,"魔界ノりりむ, 久遠千歳"
Chill＋L'aile,"える, 竜胆尊, アルス・アルマル, ラトナ・プティ"
珍走団,"佐伯イッテツ, 赤城ウェン, 宇佐美リト"
月赤り,"赤羽葉子, 桜凛月"
月語ル,"山神カルタ, 弦月藤士郎"
月語ル庭,"山神カルタ, 弦月藤士郎, セラフ・ダズルガーデン"
月組,"鷹宮リオン, 黛灰, イブラヒム"
月組,"四季凪アキラ, セラフ・ダズルガーデン, 魁星, 榊ネス"
月チーム,"笹木咲, 本間ひまわり, 社築, 三枝明那, 夜見れな, 魔使マオ, 渡会雲雀, 榊ネス"
月ノ国,"椎名唯華, でびでび・でびる, 葉加瀬冬雪, 倉持めると"
月花ノ焔魔,"魔界ノりりむ, ドーラ, 健屋花那, 弦月藤士郎"
角組,"闇夜乃モルル, ドーラ, 海夜叉神"
つのつのきたきた,"ドーラ, レヴィ・エリファ, 北小路ヒスイ, 北見遊征"
つゆだく.inc,"ドーラ, 愛園愛美, レイン・パターソン, リュ・ハリ"
つよつよガルズ,"戌亥とこ, 倉持めると, 綺沙良, 早乙女ベリー"
TSN,"夕陽リリ, 叶, ローレン・イロアス"
D.D.D,"ドーラ, 鈴木勝, ベルモンド・バンデラス"
D.D.Dogs,"春崎エアル, 成瀬鳴"
Dの石,"桜凛月, ベルモンド・バンデラス"
ティーム・ぎうどん,"葛葉, 春崎エアル, エクス・アルビオ, 獅子堂あかり"
酒と紅茶,"でびでび・でびる, エリー・コニファー"
帝華組,"飛鳥ひな, 鷹宮リオン"
Dytica,"星導ショウ, 叢雲カゲツ, 小柳ロウ, 伊波ライ"
Denauth,"Ryoma Barrenwort, Klara Charmwood"
で灰ンゴ那,"でびでび・でびる, 黛灰, 健屋花那, 周央サンゴ"
てかサーの姫/手笠姉妹,"海妹四葉, 七瀬すず菜"
デカ文字組,"七瀬すず菜, 早乙女ベリー, 渚トラウト"
適当スペシャルズ,"笹木咲, フレン・E・ルスタリオ, 長尾景, 東堂コハク"
でこぼこ研究所,"桜凛月, レオス・ヴィンセント"
Desert Eagle,"三枝明那, 加賀美ハヤト, イブラヒム"
ですわバッテリー(まめねこ部),"樋口楓, レオス・ヴィンセント, 壱百満天原サロメ"
Dead on Drop,"Bonnivier Pranaja, Vantacrow Bringer, Victoria Brightshield"
てっぺん,"本間ひまわり, 鷹宮リオン, 来栖夏芽, 長尾景"
でびガクっ！,"伏見ガク, でびでび・でびる"
でび様を囲む会,"文野環, 社築, でびでび・でびる"
でびとこ,"でびでび・でびる, 戌亥とこ"
でびひま,"本間ひまわり, でびでび・でびる"
でびリオン,"鷹宮リオン, でびでび・でびる"
でびるる,"でびでび・でびる, 鈴原るる"
でびるんるん,"でびでび・でびる, ルンルン"
でリリリ,"鷹宮リオン, 竜胆尊, でびでび・でびる, ジョー・力一"
でろーレン,"樋口楓, ローレン・イロアス"
でろさら,"樋口楓, 星川サラ"
でろたま,"樋口楓, 文野環"
でろちー,"勇気ちひろ, 樋口楓"
でろもい,"樋口楓, モイラ"
でろもいちー,"勇気ちひろ, 樋口楓, モイラ"
デロロギ,"樋口楓, ギルザレンIII世, 轟京子"
でろンボ,"樋口楓, 桜凛月"
電音部・帝音シブヤ,"シスター・クレア, 健屋花那, 星川サラ"
天界卓,"モイラ, 宇志海いちご, 家長むぎ, 鷹宮リオン, でびでび・でびる"
天下無双,"剣持刀也, 葛葉, 卯月コウ, イブラヒム"
転生してもオタクだった件,"西園チグサ, ヌン・ボラ"
伝説ーズ,"不破湊, イブラヒム"
でんばぁじゃん,"魔界ノりりむ, フレン・E・ルスタリオ, 弦月藤士郎"
テンミリオンマン,"夕陽リリ, 叶, 本間ひまわり, ローレン・イロアス, 風楽奏斗"
トイマニチーム,"鷹宮リオン, 矢車りね, 黛灰"
Twinkle,"月ノ美兎, 物述有栖, 本間ひまわり, シスター・クレア, 竜胆尊"
刀える,"える, 剣持刀也"
刀かざ,"剣持刀也, 森中花咲"
道着ーズ,"葛葉, 不破湊"
DOCEO,"Taka Radjiman, Hyona Elatiora"
頭部に自信アリ,"本間ひまわり, 遠北千南, ベルモンド・バンデラス, 奈羅花"
童話組,"物述有栖, 童田明治, 御伽原江良"
どあかどあま,"天宮こころ, 獅子堂あかり"
咎ノワール,"伏見ガク, 剣持刀也, 叶, 葛葉"
†咎人†,"伏見ガク, 剣持刀也"
ド葛本社,"本間ひまわり, 葛葉, ドーラ, 社築"
ド葛本社オルタ,"名伽尾アズマ, 花畑チャイカ, 緑仙, 鷹宮リオン, でびでび・でびる, ジョー・力一"
Dr.アクアクリニック,"イブラヒム, ソフィア・ヴァレンタイン, 倉持めると"
とこアン,"戌亥とこ, アンジュ・カトリーナ"
とこでびロア,"でびでび・でびる, 夢月ロア, 戌亥とこ"
ドッグらん,"黒井しば, 早瀬走"
.SINCE,"アルス・アルマル, 渡会雲雀, 叢雲カゲツ"
とととナナナ,"立伝都々, 珠乃井ナナ"
ドブJUMP,"鷹宮リオン, 郡道美玲, アクシア・クローネ"
トマトの隊,"魔界ノりりむ, 椎名唯華, 花畑チャイカ, 卯月コウ"
富・名声・力,"笹木咲, フミ, フレン・E・ルスタリオ, アクシア・クローネ"
トライト,"勇気ちひろ, 宇志海いちご, 伏見ガク"
ドラゴンの寵愛,"叶, 天宮こころ"
トラップ組,"ガオン, オ・ジユ"
ドラひま,"本間ひまわり, ドーラ"
とらべら,"立伝都々, ミラン・ケストレル, 早乙女ベリー, 渚トラウト"
トラベリんぐ,"早乙女ベリー, 渚トラウト"
囚われの俺達,"伏見ガク, 叶, 三枝明那, 甲斐田晴"
トリガー,"夕陽リリ, 伏見ガク, 剣持刀也"
▽▲TRiNITY▲▽,"鷹宮リオン, 葉加瀬冬雪, フレン・E・ルスタリオ"
鳥ノ国,"剣持刀也, 葛葉, 赤城ウェン, 星導ショウ"
TTT,"Claude Clawmark, Victoria Brightshield, Kunai Nakasato"
トリプルハイボール,"葉山舞鈴, 葉加瀬冬雪, 赤城ウェン"
とろっこ組,"小清水透, 鏑木ろこ"
とろろゆず,"轟京子, 八朔ゆず"
DROPS,"エクス・アルビオ, ローレン・イロアス, Shu Yamino"
Dropleta,"Uki Violeta, Doppio Dropscythe"
Twilime,"山神カルタ, 東堂コハク"
どんちゃんふぁいぶ,"鷹宮リオン, 舞元啓介, 竜胆尊, でびでび・でびる, ジョー・力一"
ナイス大家族,"笹木咲, 葛葉, 甲斐田晴, 東堂コハク"
夜王国,"不破湊, 白雪巴, グウェル・オス・ガール"
Night Star of Demon world,"魔界ノりりむ, 星川サラ"
長尾ーズ,"三枝明那, 黛灰, 不破湊, 長尾景"
ながおちぐ,"長尾景, 西園チグサ"
凪風,"風楽奏斗, 四季凪アキラ"
なぎらき,"四季凪アキラ, 鏑木ろこ"
謎いつメン,"社築, 黒井しば, アンジュ・カトリーナ, 周央サンゴ"
NZMN,"卯月コウ, 春崎エアル, 成瀬鳴, 夢追翔"
なちゅきゃみ,"ルイス・キャミー, 来栖夏芽"
なちゅらるさいこぱす,"える, 花畑チャイカ, 葉山舞鈴, ましろ爻"
なつそら,"来栖夏芽, 空星きらめ"
なでる,"樋口楓, でびでび・でびる, 夜見れな"
ナトナリ,"風楽奏斗, ヤン・ナリ"
ななかな,"叶, 三枝明那, 夜見れな"
ななきらおとめ,"七瀬すず菜, 早乙女ベリー, 雲母たまこ"
7C,"葛葉, 不破湊, イブラヒム, 小柳ロウ"
七次元生徒会,"樋口楓, 叶, 緑仙, 三枝明那, 周央サンゴ, レオス・ヴィンセント"
ナナたすなな,"珠乃井ナナ, 七瀬すず菜"
ナナもね,"珠乃井ナナ, 梢桃音"
ナナもねたますず,"珠乃井ナナ, 梢桃音, 七瀬すず菜, 雲母たまこ"
菜の花連合,"笹木咲, 葛葉, 北小路ヒスイ, アクシア・クローネ"
Neapolitan Ice Cream,"Ike Eveland, Kotoka Torahime"
名前のない組,"える, ドーラ, シスター・クレア, 花畑チャイカ"
なまえのないざうるす,"夕陽リリ, 本間ひまわり, エクス・アルビオ"
なまえはまだない,"勇気ちひろ, える"
なりゆき魔王,"成瀬鳴, 雪城眞尋, えま★おうがすと"
成崎笑一,"神田笑一, 春崎エアル, 成瀬鳴"
なるふし,"伏見ガク, 成瀬鳴"
なんもしてねぇ,"勇気ちひろ, ラトナ・プティ, イブラヒム"
にーと組,"小清水透, 獅子堂あかり"
にーよんぐみ,"北見遊征, 魁星, 榊ネス, 司賀りこ, 珠乃井ナナ, 綺沙良, 梢桃音, ルンルン, 七瀬すず菜, 早乙女ベリー, 雲母たまこ, 酒寄颯馬, 渚トラウト"
にきさんきゲーマーズ,"笹木咲, 闇夜乃モルル, 本間ひまわり, 魔界ノりりむ, 葛葉, 雪汝, 椎名唯華"
2期生出身,"鈴鹿詩子, 宇志海いちご, 家長むぎ, 夕陽リリ, 物述有栖, 文野環, 伏見ガク, ギルザレンIII世, 剣持刀也, 森中花咲"
にくせいかつ,"風楽奏斗, 渡会雲雀, ハ・ユン"
肉natioN,"ラトナ・プティ, イブラヒム, 獅子堂あかり, 五十嵐梨花, Shu Yamino"
NijiEU,"Nina Kosaka, Ike Eveland, Mysta Rias, Vox Akuma"
にじ色インク,"神田笑一, 瀬戸美夜子, 黛灰, 奈羅花"
にじいろきゃんD→☆,"夕陽リリ, 森中花咲, シスター・クレア, 花畑チャイカ, でびでび・でびる, 桜凛月, 遠北千南"
にじいろパルフェ,"える, 森中花咲, 本間ひまわり, シスター・クレア, 雪城眞尋, 天ヶ瀬むゆ, 海妹四葉"
にじヴァロ女子,"夕陽リリ, 森中花咲, 本間ひまわり, 魔界ノりりむ, 町田ちま, アルス・アルマル, 天宮こころ, ラトナ・プティ, 奈羅花, 西園チグサ"
にじヴィラン,"緋八マナ, 星導ショウ, 小柳ロウ"
Nijiuwu,"Finana Ryugu, Rosemi Lovelock, Petra Gurin, Uki Violeta"
にじうぉ～ず,"月ノ美兎, 樋口楓, アンジュ・カトリーナ, 壱百満天原サロメ"
NijiAU,"バン・ハダ, Luca Kaneshiro, Sonny Brisko, Maria Marionette, Ren Zotto"
にじ,"エリー・コニファー, 榊ネス, Klara Charmwood"
NIJICHAOS,"Millie Parfait, Vox Akuma, Mysta Rias, Fulgur Ovid"
NIJICANCELLED,"Enna Alouette, Fulgur Ovid, Vox Akuma"
にじくじ7(にじさんじのくじじゅうじ),"月ノ美兎, える, 樋口楓, 静凛, 家長むぎ, 物述有栖, 剣持刀也"
nijiKLAP,"Petra Gurin, Klara Charmwood"
にじくろ,"月ノ美兎, 笹木咲, 椎名唯華, 竜胆尊"
にじグラブル団,"叶, 夜見れな, ルンルン"
西弦緑渡,"緑仙, 弦月藤士郎, 西園チグサ, 渡会雲雀"
にじ高スプラ部,"椎名唯華, ベルモンド・バンデラス, 星川サラ, オ・ジユ"
にじざんぎ,"笹木咲, 壱百満天原サロメ, ソフィア・ヴァレンタイン, 伊波ライ"
にじさんじアオハル部,"剣持刀也, 森中花咲, 夢追翔, 戌亥とこ, 三枝明那, 星川サラ"
にじさんじアベンジャーズ祭り,"渋谷ハジメ, ドーラ, でびでび・でびる, ベルモンド・バンデラス, ニュイ・ソシエール, 早瀬走"
にじさんじAmonGUYS,"叶, 葛葉, 三枝明那, エクス・アルビオ, 加賀美ハヤト, 黛灰, 不破湊, イブラヒム, 甲斐田晴"
にじさんじ異世界組,"エクス・アルビオ, アルス・アルマル, フレン・E・ルスタリオ, イブラヒム"
にじさんじ異世界ファンタジー女子組,"リゼ・ヘルエスタ, ニュイ・ソシエール, アルス・アルマル, フレン・E・ルスタリオ"
にじさんじ映画同好会,"神田笑一, 成瀬鳴, ベルモンド・バンデラス, 小野町春香, レヴィ・エリファ, 健屋花那, 空星きらめ, 北小路ヒスイ, オリバー・エバンス, 佐伯イッテツ, ミラン・ケストレル"
にじさんじ映画部,"でびでび・でびる, ベルモンド・バンデラス, ニュイ・ソシエール, 早瀬走"
にじさんじエルフ集会,"える, 花畑チャイカ, グウェル・オス・ガール"
にじさんじえんじぇるず,"叶, アンジュ・カトリーナ"
にじさんじON砲,"小野町春香, 長尾景"
にじさんじOGズ,"卯月コウ, 舞元啓介, 三枝明那"
にじさんじ,"叶, 本間ひまわり, 葛葉, 神田笑一, 三枝明那, 黛灰, アルス・アルマル, 天宮こころ, ラトナ・プティ, 奈羅花, 甲斐田晴"
にじさんじオカルト研究部,"伏見ガク, ギルザレンIII世, 森中花咲, 赤羽葉子"
にじさんじ乙女ゲーム製作委員会,"緑仙, ニュイ・ソシエール, 葉加瀬冬雪, 奈羅花"
にじさんじ学園ダンス部,"シスター・クレア, 桜凛月, 雪城眞尋, 健屋花那, 空星きらめ"
にじさんじカゲプロ,"樋口楓, 緑仙, 町田ちま, 戌亥とこ, リゼ・ヘルエスタ, 三枝明那, 葉加瀬冬雪, 星川サラ, ましろ爻, 弦月藤士郎, 西園チグサ, レイン・パターソン, 渡会雲雀"
にじさんじ数取団,"剣持刀也, 花畑チャイカ, ベルモンド・バンデラス, 加賀美ハヤト, シェリン・バーガンディ"
にじさんじガチプラべ,"笹木咲, 椎名唯華, 桜凛月, エクス・アルビオ, ニュイ・ソシエール, アルス・アルマル, 不破湊, イブラヒム"
にじさんじGALS,"樋口楓, 笹木咲, 椎名唯華, 鷹宮リオン"
にじさんじギャングスター,"花畑チャイカ, 社築, 舞元啓介, ジョー・力一, ベルモンド・バンデラス"
にじさんじ狂犬ズ,"町田ちま, 黒井しば"
にじさんじ矩形波倶楽部,"闇夜乃モルル, 社築"
2434組,"渋谷ハジメ, 鈴谷アキ, 鈴鹿詩子, 家長むぎ, 森中花咲, ドーラ, 轟京子, シスター・クレア, 花畑チャイカ, 社築, 鈴木勝, 緑仙, 鷹宮リオン, 竜胆尊, でびでび・でびる, 桜凛月, ジョー・力一, 成瀬鳴, ベルモンド・バンデラス, 小野町春香, 三枝明那, 愛園愛美, 雪城眞尋, レヴィ・エリファ, ニュイ・ソシエール, 葉加瀬冬雪, 夜見れな, アルス・アルマル, 天宮こころ, エリー・コニファー, ラトナ・プティ, 早瀬走, 健屋花那, フミ, 星川サラ, 山神カルタ, えま★おうがすと, ルイス・キャミー, 魔使マオ, 白雪巴, グウェル・オス・ガール, 奈羅花, フレン・E・ルスタリオ, 弦月藤士郎, 空星きらめ, 周央サンゴ, 北小路ヒスイ, 西園チグサ, レイン・パターソン, 天ヶ瀬むゆ, 海妹四葉, 四季凪アキラ, セラフ・ダズルガーデン"
にじさんじケーブルズ,"叶, 鷹宮リオン, 夢追翔"
にじさんじ研究者組,"アンジュ・カトリーナ, 葉加瀬冬雪, 甲斐田晴, レオス・ヴィンセント"
にじさんじ降霊術,"月ノ美兎, 赤羽葉子, でびでび・でびる, ましろ爻"
にじさんじゴーミーズ,"エクス・アルビオ, イブラヒム"
にじさんじごはん部(仮),"伏見ガク, シスター・クレア, ジョー・力一"
にじさんじシージ日本代表,"える, 宇志海いちご, エクス・アルビオ, 魔使マオ"
にじさんじシャトーブリアン食べたい部,"舞元啓介, 桜凛月, アルス・アルマル"
にじさんじシャドバ部,"舞元啓介, 三枝明那, 葉山舞鈴"
にじさんじ商業高校,"剣持刀也, 舞元啓介, グウェル・オス・ガール"
にじさんじ吹奏楽部,"える, 樋口楓, 森中花咲, 鷹宮リオン, 葉加瀬冬雪, エリー・コニファー, 健屋花那, フレン・E・ルスタリオ"
にじさんじストリートファイター,"渋谷ハジメ, 叶, 笹木咲, 葛葉, 社築, 安土桃, 神田笑一, えま★おうがすと, イブラヒム"
にじさんじスベ狼,"花畑チャイカ, 社築, 舞元啓介, ジョー・力一, 夢追翔, 三枝明那"
にじさんじセクト,"樋口楓, 鈴谷アキ, 夕陽リリ, ギルザレンIII世, 剣持刀也, 森中花咲"
にじさんじソーラン節ファイターズ,"渋谷ハジメ, 花畑チャイカ, 舞元啓介, グウェル・オス・ガール, レオス・ヴィンセント"
にじさんじ探検隊,"勇気ちひろ, 宇志海いちご, シスター・クレア, 鈴木勝, ベルモンド・バンデラス"
にじさんじダンス部,"山神カルタ, 長尾景, 東堂コハク, レイン・パターソン, セラフ・ダズルガーデン, 倉持めると"
にじさんじチーム(AOV),"夕陽リリ, 本間ひまわり, レヴィ・エリファ, 天宮こころ, フミ"
にじさんじチャンピオンズ,"椎名唯華, 成瀬鳴, 三枝明那"
にじさんじTNT部,"桜凛月, ベルモンド・バンデラス, 北小路ヒスイ, レイン・パターソン, 先斗寧"
にじさんじテニス部,"ドーラ, 花畑チャイカ, 社築, 緑仙, 健屋花那, 星川サラ"
にじさんじ・鳥居え門・建築部,"星弥, ソ・ナギ, Noor"
にじさんじドリクラーズ,"名伽尾アズマ, 花畑チャイカ, 社築, 舞元啓介, 夢追翔"
NijiNuts,"Alban Knox, Luca Kaneshiro, Shu Yamino, Sonny Brisko"
にじさんじハーメルン,"花畑チャイカ, 鷹宮リオン, ベルモンド・バンデラス, 獅子堂あかり, 倉持めると"
にじさんじバスターズ,"剣持刀也, 笹木咲, 花畑チャイカ, アンジュ・カトリーナ, フレン・E・ルスタリオ, 周央サンゴ, 宇佐美リト, 榊ネス"
にじさんじバスタード,"叶, 葛葉, 卯月コウ"
にじさんじハラスメント,"竜胆尊, 緋八マナ"
にじさんじハンドベル部,"樋口楓, モイラ, 物述有栖, 文野環, シスター・クレア, フミ, 周央サンゴ"
にじさんじ美術部,"轟京子, 相羽ういは"
にじさんじ美食倶楽部,"社築, ジョー・力一, ルイス・キャミー"
にじさんじ美容部,"轟京子, シスター・クレア, 弦月藤士郎, 朝日南アカネ"
にじさんじ,"椎名唯華, レオス・ヴィンセント, 獅子堂あかり"
にじさんじブルーアイズ,"レヴィ・エリファ, 来栖夏芽, 空星きらめ, 朝日南アカネ"
にじさんじ Project Winter,"叶, 笹木咲, 葛葉, 椎名唯華, アンジュ・カトリーナ, リゼ・ヘルエスタ, 天開司, ふぇありす"
にじさんじ放課後ゲーム部,"伏見ガク, 長尾景"
にじさんじポカチェ部,"叶, 葛葉, 椎名唯華, ドーラ, 花畑チャイカ, 社築, 竜胆尊, でびでび・でびる, エクス・アルビオ, 加賀美ハヤト, 不破湊, イブラヒム, アクシア・クローネ, ローレン・イロアス, レオス・ヴィンセント, オリバー・エバンス, レイン・パターソン"
にじさんじボクシング部,"える, 樋口楓, 郡道美玲, アンジュ・カトリーナ, 愛園愛美, 雪城眞尋, 健屋花那, 長尾景, 西園チグサ"
にじさんじポケカ部,"花畑チャイカ, 舞元啓介, 葉加瀬冬雪, 加賀美ハヤト, 長尾景, 倉持めると, 赤城ウェン, 栞葉るり, 榊ネス"
にじさんじポケユナじょし部,"本間ひまわり, 鷹宮リオン, 童田明治, 夜見れな, 天宮こころ"
にじさんじ保護者会,"夢追翔, 葉加瀬冬雪, 加賀美ハヤト, 星川サラ"
にじさんじポン酢,"出雲霞, ニュイ・ソシエール, 葉加瀬冬雪, 夜見れな"
にじさんじ魔女集会,"勇気ちひろ, 鷹宮リオン, ニュイ・ソシエール, アルス・アルマル"
にじさんじマスコッツ,"ゴンザレス(町田ちま), ジョニー・ノースリーバー(夢追翔), うさちゃん先生(郡道美玲), セバスチャン・ピヨードル(リゼ・ヘルエスタ)"
にじさんじモンハン部,"本間ひまわり, ドーラ, 郡道美玲, 愛園愛美"
にじさんじ陽キャズ,"轟京子, エクス・アルビオ, 早瀬走, 不破湊"
にじさんじ夜渡りクラブ,"叶, 葛葉, 葉山舞鈴"
にじさんじラジオ体操部,"月ノ美兎, 勇気ちひろ, える, 樋口楓, 渋谷ハジメ, 伏見ガク, ギルザレンIII世, 剣持刀也, 叶, 笹木咲, 椎名唯華, ドーラ, 轟京子, シスター・クレア, 花畑チャイカ, 社築, 鈴木勝, 緑仙, 鷹宮リオン, 舞元啓介, でびでび・でびる, 桜凛月, 町田ちま, ジョー・力一, ベルモンド・バンデラス, 矢車りね, 黒井しば, 童田明治, 小野町春香, 戌亥とこ, 三枝明那, 雪城眞尋, レヴィ・エリファ, 葉加瀬冬雪, 加賀美ハヤト, 夜見れな, 黛灰, アルス・アルマル, 相羽ういは, 天宮こころ, エリー・コニファー, ラトナ・プティ, 早瀬走, 健屋花那, フミ, 星川サラ, えま★おうがすと, ルイス・キャミー, 不破湊, 白雪巴, グウェル・オス・ガール, ましろ爻, 奈羅花, 来栖夏芽, フレン・E・ルスタリオ, メリッサ・キンレンカ, イブラヒム, 長尾景, 弦月藤士郎, 甲斐田晴, 北小路ヒスイ, 西園チグサ, アクシア・クローネ, ローレン・イロアス, レオス・ヴィンセント, オリバー・エバンス, レイン・パターソン, 海妹四葉, 壱百満天原サロメ, 風楽奏斗, 渡会雲雀, 四季凪アキラ, セラフ・ダズルガーデン, Taka Radjiman, ZEA Cornelia, Riksa Dhirendra, Nara Haramaung, Layla Alstroemeria, Bonnivier Pranaja, Derem Kado, Xia Ekavira, Mika Melatika, ソ・ナギ, ヤン・ナリ, オ・ジユ, セフィナ, ハ・ユン, ナ・セラ, 小清水透, 獅子堂あかり, 鏑木ろこ, 五十嵐梨花, 石神のぞみ, ソフィア・ヴァレンタイン, 倉持めると, 佐伯イッテツ, 赤城ウェン, 宇佐美リト, 緋八マナ, 星導ショウ, 叢雲カゲツ, 小柳ロウ, 伊波ライ, Elira Pendora, Pomu Rainpuff, Petra Gurin, Enna Alouette, Reimu Endou, Millie Parfait, Luca Kaneshiro, Shu Yamino, Yugo Asuma, Sonny Brisko, Uki Violeta, Aia Amare"
にじさんじLOSERS,"名伽尾アズマ, 花畑チャイカ"
にじさんじレインボーダンディーズ,"社築, 舞元啓介, ベルモンド・バンデラス, 夢追翔"
にじさんじレール部,"花畑チャイカ, 夢追翔, エクス・アルビオ, 加賀美ハヤト"
にじさんじレジスタンス(4人),"笹木咲, 椎名唯華, 花畑チャイカ, 緑仙"
にじさんじレジスタンス,"物述有栖, 笹木咲, 椎名唯華, 花畑チャイカ, 安土桃, 緑仙"
にじさんじレトロゲーム部,"壱百満天原サロメ, 石神のぞみ"
にじさんじ恋愛相談室,"緑仙, 鷹宮リオン, 葉加瀬冬雪, 星川サラ"
にじさんじロケット団,"文野環, フミ, 長尾景"
にじサントス市警(警察),"笹木咲, 魔界ノりりむ, 神田笑一, エクス・アルビオ, 西園チグサ, ローレン・イロアス, レイン・パターソン, ハ・ユン, 獅子堂あかり, 石神のぞみ, ソフィア・ヴァレンタイン, 倉持めると, 赤城ウェン, 緋八マナ, 小柳ロウ, 北見遊征, 榊ネス, Shu Yamino"
にじGTA救急隊,"樋口楓, 森中花咲, 叶, 桜凛月, 成瀬鳴, 小野町春香, 三枝明那, 健屋花那, グウェル・オス・ガール, 長尾景, 弦月藤士郎, 甲斐田晴, ミン・スゥーハ, オ・ジユ, セフィナ, 宇佐美リト, 魁星, Maria Marionette, Vezalius Bandage"
にじシティ都市開発部,"轟京子, 緑仙, 黒井しば, 健屋花那, 白雪巴, 弦月藤士郎"
NijiSEUP,"Shu Yamino, Elira Pendora, Uki Violeta, Petra Gurin"
NijiSchoolSupplies,"Petra Gurin, Shu Yamino, Sonny Brisko"
2時だとか,"不破湊, イブラヒム, ローレン・イロアス, 渡会雲雀"
西チーム,"える, 渋谷ハジメ, 叶, 鷹宮リオン, 雪城眞尋, 夜見れな, 魔使マオ, 長尾景, ローレン・イロアス, 四季凪アキラ, セラフ・ダズルガーデン, セフィナ, 赤城ウェン, 叢雲カゲツ, 魁星, 五木左京"
にじchak,"小野町春香, 空星きらめ, 朝日南アカネ, 西園チグサ"
にじ鉄,"ベルモンド・バンデラス, 三枝明那, 葉加瀬冬雪, 夜見れな"
NIJICANTDRIVE,"Reimu Endou, Shu Yamino, Alban Knox, Fulgur Ovid, Sonny Brisko, Yugo Asuma, Uki Violeta, Petra Gurin"
にじ任侠組,"リゼ・ヘルエスタ, ニュイ・ソシエール, 加賀美ハヤト, 早瀬走"
にじヌ→ン月曜メンバー(2022Summer),"える, リゼ・ヘルエスタ, レオス・ヴィンセント, 渡会雲雀"
にじヌ→ン水曜の集い(2022Summer),"鷹宮リオン, ジョー・力一, 葉山舞鈴, シェリン・バーガンディ, レイン・パターソン"
NijiNOVA,"Luca Kaneshiro, Shu Yamino, Sonny Brisko, Ren Zotto"
にじパチ部,"伏見ガク, 舞元啓介, イブラヒム, レイン・パターソン, 榊ネス"
にじばど(2021年),"夜見れな, 天宮こころ, フレン・E・ルスタリオ, 北小路ヒスイ"
にじバド(2022年),"桜凛月, ベルモンド・バンデラス, 弦月藤士郎, 北小路ヒスイ"
にじバド(2023年),"桜凛月, ベルモンド・バンデラス, 北小路ヒスイ, 先斗寧"
にじバド(2024年),"桜凛月, ベルモンド・バンデラス, 北小路ヒスイ, 赤城ウェン"
にじプロセカ部,"ドーラ, 轟京子, 社築, エリー・コニファー"
NijiBabies,"Alban Knox, Yugo Asuma"
NijiPets,"Petra Gurin, Enna Alouette, Mysta Rias, Alban Knox"
NIJIHOLO特級呪物,"Reimu Endou, Kotoka Torahime"
にじ飯調査隊,"伏見ガク, 緑仙, 長尾景"
にじメン競馬,"ベルモンド・バンデラス, オリバー・エバンス, 四季凪アキラ, 佐伯イッテツ, 榊ネス"
NJ,"神田笑一, 桜凛月, 瀬戸美夜子"
NijiDad/NijiCancelled,"Enna Alouette, Vox Akuma, Fulgur Ovid"
NijiNerds,"Ike Eveland, Vox Akuma, Fulgur Ovid, Sonny Brisko, Doppio Dropscythe"
NijiFUSE,"Fulgur Ovid, Uki Violeta, Enna Alouette"
29時のモーニンぐー,"オリバー・エバンス, 倉持めると, 魁星, 七瀬すず菜"
27歳ランク帯,"社築, 夢追翔, 加賀美ハヤト"
にじレジ,"椎名唯華, 花畑チャイカ"
にじレジ（株）,"椎名唯華, 花畑チャイカ, 夜見れな"
にじレジ（鏑）,"椎名唯華, 花畑チャイカ, 鏑木ろこ"
にじレジ（真）,"椎名唯華, 花畑チャイカ, 夜見れな, 鏑木ろこ"
にじレジ（ハブ）,"椎名唯華, 夜見れな"
にじロック,"轟京子, 緑仙, 雨森小夜, ジョー・力一, 夢追翔, 三枝明那, 加賀美ハヤト"
にじローションカーリング,"剣持刀也, 叶, 花畑チャイカ, 舞元啓介, ジョー・力一, 加賀美ハヤト"
にじワンず,"黒井しば, 栞葉るり"
日照権,"椎名唯華, 鷹宮リオン, 舞元啓介"
2232団,"Elira Pendora, Pomu Rainpuff, Rosemi Lovelock"
2年4組,"渋谷ハジメ, 宇志海いちご, ドーラ, 出雲霞, 緑仙, 神田笑一, 飛鳥ひな, 町田ちま, 遠北千南, 夢追翔, 童田明治"
にのにちゃん,"竜胆尊, でびでび・でびる, 桜凛月, 町田ちま, ジョー・力一"
日本代表,"社築, エクス・アルビオ, イブラヒム"
にゃはは！,"加賀美ハヤト, 奈羅花, リュ・ハリ"
にゃみゃみゃ,"叶, 鷹宮リオン, 天宮こころ"
ニュイる・オス・エール,"ニュイ・ソシエール, グウェル・オス・ガール"
New fACE Dragonz,"風楽奏斗, 四季凪アキラ, ソフィア・ヴァレンタイン, Maria Marionette, Kotoka Torahime"
にょんにょんぴーく,"笹木咲, 不破湊, 奈羅花, 長尾景, 北小路ヒスイ"
ねいななはぴりこ,"先斗寧, 海妹四葉, 司賀りこ, 珠乃井ナナ"
音色は紫,"ヌン・ボラ, 明楽レイ, イ・ロハ"
猫しか勝たん,"文野環, 葉山舞鈴, ニュイ・ソシエール, シェリン・バーガンディ"
NEKOJO,"ソ・ナギ, Alban Knox"
ネタバレ警察,"魔界ノりりむ, ラトナ・プティ, イブラヒム, 弦月藤士郎, 甲斐田晴"
熱血卍リベンジャーズ,"魔界ノりりむ, 宇佐美リト, 叢雲カゲツ, 小柳ロウ, 酒寄颯馬"
ネッシージャンガ,"ローレン・イロアス, レイン・パターソン, 石神のぞみ"
ねないこ,"鈴谷アキ, 緑仙"
年長組,"長尾景, 甲斐田晴"
Noisy Cruise Ship,"夕陽リリ, 森中花咲, 三枝明那, 雪城眞尋, バン・ハダ"
脳筋卍女子部,"奈羅花, 西園チグサ, ヌン・ボラ"
農嬢,"鷹宮リオン, 舞元啓介"
のぅそぉりぃ,"ベルモンド・バンデラス, 山神カルタ, 北見遊征, 猫屋敷美紅"
Noctyx,"Alban Knox, Yugo Asuma, Fulgur Ovid, Sonny Brisko, Uki Violeta"
の組,"椎名唯華, 鷹宮リオン, 黛灰"
ノックアウト,"葛葉, 社築, 不破湊, 獅子堂あかり"
ノックアウトファイターズ,"叶, エクス・アルビオ, 不破湊, イブラヒム"
のぞめる(仮),"石神のぞみ, 倉持めると"
のぞめろ,"石神のぞみ, Meloco Kyoran"
ののとみか,"蝸堂みかる, 十河ののは"
Nornis,"町田ちま, 戌亥とこ, 朝日南アカネ"
のろめるてぃきっす,"鏑木ろこ, 石神のぞみ, 倉持めると"
VIRuS,"セフィナ, 伊波ライ, Vezalius Bandage, Ryoma Barrenwort"
873,花留
VR三fei人,有加
Party Panic組,"三枝明那, エクス・アルビオ, 加賀美ハヤト, 黛灰"
バードウォッチング部,"える, 物述有栖, 伏見ガク, 舞元啓介, 佐伯イッテツ"
BO,"神田笑一, 小柳ロウ, 伊波ライ"
バイオレンス武田(仮),"叶, 葛葉, 黛灰"
バイト組,"赤城ウェン, 宇佐美リト, 星導ショウ, 叢雲カゲツ"
超,"轟京子, 鏑木ろこ, 立伝都々, Meloco Kyoran, Zeal Ginjoka"
葉海安,"葛葉, 安土桃, 海妹四葉"
HAKAIGAL,"鷹宮リオン, 星川サラ, レイン・パターソン, 石神のぞみ"
BKTR,"鏑木ろこ, 綺沙良, 早乙女ベリー, 渚トラウト"
ぱかぱかぱっかん,"西園チグサ, アクシア・クローネ"
白茶,"加賀美ハヤト, レオス・ヴィンセント"
爆乳組,"アンジュ・カトリーナ, 愛園愛美, ニュイ・ソシエール"
葉桜ちレ,"赤羽葉子, 桜凛月, 町田ちま, レヴィ・エリファ"
馬耳say風,"叶, 葛葉"
パジャマでおじゃま,"家長むぎ, 森中花咲, シスター・クレア, 花畑チャイカ"
パター,"竜胆尊, レイン・パターソン"
パタぽてぽてと,"長尾景, レイン・パターソン"
バチェラー,"える, 雪城眞尋, ニュイ・ソシエール, 加賀美ハヤト"
八月の雪,"えま★おうがすと, 白雪巴"
ぱちすたっ★,"緋八マナ, 星導ショウ"
バチ肉グルメ調査隊/パブ肉,"不破湊, イブラヒム, ローレン・イロアス"
HacKING,"ベルモンド・バンデラス, 黛灰, ヤン・ナリ"
BACK STAGEs,"轟京子, 安土桃, 卯月コウ, 八朔ゆず"
発色オタク三銃士,"飛鳥ひな, 春崎エアル"
発色オタク三銃士season2,"飛鳥ひな, 春崎エアル"
passion family,"不破湊, オリバー・エバンス, Mysta Rias"
葉っぱ隊,"葉山舞鈴, 葉加瀬冬雪"
ハッピーツリーフレンジー,"渋谷ハジメ, ラトナ・プティ, メリッサ・キンレンカ, イブラヒム, ヤン・ナリ"
ハッピートリガー,"家長むぎ, 夕陽リリ, 伏見ガク, 剣持刀也"
発砲美人withB,"竜胆尊, 小柳ロウ, 五十嵐梨花, 酒寄颯馬"
ハッ・,"ジョー・力一, 黛灰"
バトロワAチーム,"魔界ノりりむ, 葛葉, 轟京子, 社築, 卯月コウ, 舞元啓介, 久遠千歳"
BFP,"Hana Macchia, Elira Pendora, Shu Yamino"
花ノ国,"える, 笹木咲, ルイス・キャミー, 栞葉るり"
花の女子会,"花畑チャイカ, 飛鳥ひな, 葉加瀬冬雪, 魔使マオ"
花畑家,"名伽尾アズマ, 花畑チャイカ, 社築, 八朔ゆず"
ハナバナ,"ソ・ナギ, バン・ハダ, ハ・ユン, ナ・セラ"
花ふわリリック,"夕陽リリ, 竜胆尊, 夢追翔, エリー・コニファー, 不破湊, 奈羅花"
はなまるぽんっ,"本間ひまわり, アルス・アルマル, 緋八マナ"
花より団子,"叶, リゼ・ヘルエスタ, 天宮こころ, ルイス・キャミー"
ハニカムベリー,"先斗寧, 緋八マナ"
ばねおしぃりぃ,"赤羽葉子, 魔界ノりりむ, 椎名唯華"
ばねひま,"赤羽葉子, 本間ひまわり"
パパのいうことを聞きなさい,"花畑チャイカ, フミ, ルイス・キャミー, 魔使マオ"
ばぶもん,"本間ひまわり, 魔界ノりりむ, 社築"
Vabel,"ベルモンド・バンデラス, オリバー・エバンス"
バベルの景,"ベルモンド・バンデラス, 長尾景, オリバー・エバンス"
濱口南,"鈴木勝, 三枝明那"
破滅のはまちゃ,"花畑チャイカ, 葉山舞鈴, 魔使マオ"
ハムタマゴドッグ,"飛鳥ひな, 町田ちま, 黒井しば"
はむぴえよ,"町田ちま, ジョー・力一"
早足組,"戌亥とこ, フレン・E・ルスタリオ, セフィナ, Alban Knox"
はやまいもと,"舞元啓介, 葉山舞鈴"
はやまお,"葉山舞鈴, 魔使マオ"
はゆみゃがみ,"天宮こころ, 山神カルタ, ハ・ユン"
パリエかわいい,"月ノ美兎, える, 静凛"
ハリオ家のおつかい,"桜凛月, ルイス・キャミー"
パリピじゃこ,"三枝明那, レイン・パターソン, ミン・スゥーハ"
バリベロス,"戌亥とこ, 渡会雲雀"
ハリボテ王国 (初期),"ベルモンド・バンデラス, 弦月藤士郎, 西園チグサ"
ハリボテ王国 (現在),"ベルモンド・バンデラス, レヴィ・エリファ, 弦月藤士郎, 西園チグサ"
ハリミア,"リュ・ハリ, ソン・ミア"
春一番,"渋谷ハジメ, 甲斐田晴"
はるかすみ,"出雲霞, 小野町春香"
はるカニ合戦,"小野町春香, 愛園愛美"
HALD,"ドーラ, 小野町春香, アルス・アルマル, レオス・ヴィンセント"
はるナリ,"小野町春香, ヤン・ナリ"
はるぶし,"伏見ガク, 春崎エアル"
はるみや,"小野町春香, 瀬戸美夜子"
harumiyu,"小野町春香, Miyu Ottavia"
harumiyurai,"小野町春香, Rai Galilei, Miyu Ottavia"
晴レ日,"レヴィ・エリファ, 甲斐田晴"
晴レ星,"星川サラ, 甲斐田晴"
晴レぼぴ,"甲斐田晴, 海妹四葉"
ハレユア,"夢追翔, レヴィ・エリファ, 加賀美ハヤト, 朝日南アカネ"
ハワチョリスト,"轟京子, エリー・コニファー"
ぱんコウじょ,"笹木咲, 卯月コウ, リゼ・ヘルエスタ"
はンゴろし,"周央サンゴ, イ・ロハ"
蛮族海賊団,"奈羅花, ソ・ナギ, ヌン・ボラ, 七海"
BGクラブ,"モイラ, 鈴鹿詩子, 森中花咲"
BeJeans',"弦月藤士郎, 天ヶ瀬むゆ"
Bチーム〇す,"える, 夢追翔, オリバー・エバンス, 星導ショウ, 渚トラウト"
BはボコボコのB,"樋口楓, 花畑チャイカ, でびでび・でびる, 小野町春香, 葉加瀬冬雪"
BFF組,"篠宮ゆの, 花籠つばさ"
BBB,"静凛, ドーラ, 愛園愛美, ニュイ・ソシエール, 白雪巴"
びーぴーえむ,"レオス・ヴィンセント, オリバー・エバンス, レイン・パターソン"
HEROES,"佐伯イッテツ, 赤城ウェン, 宇佐美リト, 緋八マナ, 星導ショウ, 叢雲カゲツ, 小柳ロウ, 伊波ライ, Yu Q. Wilson, Vantacrow Bringer, Vezalius Bandage"
東チーム,"鈴木勝, 三枝明那, ルイス・キャミー, 奈羅花, イブラヒム, 弦月藤士郎, レイン・パターソン, 風楽奏斗, ミン・スゥーハ, ソフィア・ヴァレンタイン, 星導ショウ, 立伝都々, 北見遊征, 珠乃井ナナ, ルンルン, 七瀬すず菜, Meloco Kyoran"
光と闇のメンヘラ,"星川サラ, 北小路ヒスイ"
ひきにく連合,"夕陽リリ, 花畑チャイカ, レヴィ・エリファ, ハ・ユン"
久しぶりの6人3Dなのに加賀美ハヤト、変わっちまったなぁーズ,"舞元啓介, ジョー・力一, 加賀美ハヤト"
bijoux,"ドーラ, シスター・クレア"
ひだまりびより,"シスター・クレア, 夢月ロア, 葉山舞鈴"
ひとにやさしく,"宇志海いちご, 夢追翔, レヴィ・エリファ, フミ"
ひなちなちま,"飛鳥ひな, 町田ちま, 遠北千南"
ひばひば,"渡会雲雀, 緋八マナ"
雲雀と愉快な仲間たち,"戌亥とこ, 三枝明那, 不破湊, 渡会雲雀"
ピビandポゥ,"フミ, グウェル・オス・ガール"
V!VONO,"鈴木勝, エリー・コニファー, えま★おうがすと, セラフ・ダズルガーデン, 立伝都々, Luca Kaneshiro, Shu Yamino, Klara Charmwood"
ひましぃ,"本間ひまわり, 椎名唯華"
ひまひめひも,"渋谷ハジメ, 葛葉, 瀬戸美夜子"
ひまりこ,"本間ひまわり, 司賀りこ"
ひまわり園ハ桜イロ,"渋谷ハジメ, 本間ひまわり, 桜凛月, 西園チグサ, ローレン・イロアス"
HIMIKO,"瀬戸美夜子, 東堂コハク, 北小路ヒスイ"
ひみつ結社,"夢月ロア, ましろ爻, メリッサ・キンレンカ"
ひめさま,"笹木咲, 本間ひまわり, 童田明治, アルス・アルマル"
ひめべろす(仮称),"戌亥とこ, リゼ・ヘルエスタ"
ヒモと財布,"遠北千南, 矢車りね"
びゅーてぃーぴーち,"綺沙良, 梢桃音"
ひよこぱんつ,"笹木咲, リゼ・ヘルエスタ"
ひよこまち,"飛鳥ひな, 町田ちま"
ぴよぴよ隊,"本間ひまわり, 星川サラ, ガオン"
比類なき才能の証明,"葛葉, 卯月コウ, イブラヒム"
ぴわわ,"伏見ガク, エリー・コニファー"
ぴんくあらもーど,"ヤン・ナリ, ハ・ユン"
ピンクオレ,"小野町春香, Miyu Ottavia, ヤン・ナリ, Petra Gurin"
ピンクブレイン,"魔界ノりりむ, 風楽奏斗"
Pin Pon Rush,"叶, エクス・アルビオ, 弦月藤士郎"
Fa/Sol/La,"ドーラ, レヴィ・エリファ, 早瀬走"
VRF4,"八木迪之, 度人"
Vkids,"勇気ちひろ, 本間ひまわり, 魔界ノりりむ, でびでび・でびる, 童田明治, レヴィ・エリファ, 夜見れな, 天宮こころ"
Fixer Of フィクサー,"渋谷ハジメ, 葛葉, 花畑チャイカ, でびでび・でびる, レヴィ・エリファ, 早瀬走, イブラヒム"
Vtuberロック革命2021,"樋口楓, 緑仙, 戌亥とこ, 加賀美ハヤト, 不破湊"
楓桜花,"樋口楓, 森中花咲, 桜凛月"
風紀委員,"樋口楓, 社築, リゼ・ヘルエスタ, イブラヒム, 緋八マナ"
フー鈴,"鈴木勝, フミ"
fACe,"椎名唯華, エクス・アルビオ, アルス・アルマル, 不破湊"
4FFFF,"本間ひまわり, ドーラ, 鷹宮リオン, でびでび・でびる"
focusnow,"瀬戸美夜子, 雪城眞尋"
foxxxy,"愛園愛美, ニュイ・ソシエール, ルイス・キャミー, 白雪巴, レイン・パターソン"
Fox Akuma,"Mysta Rias, Vox Akuma"
フ景罪,"フミ, 長尾景"
無様ゲーミング部,"周央サンゴ, 石神のぞみ, 栞葉るり, 梢桃音"
伏見桃山,"伏見ガク, 安土桃"
petit fleurs,"森中花咲, 御伽原江良"
祓魔王,"えま★おうがすと, 長尾景"
ふつまひ,"雪城眞尋, 長尾景"
ぷてさら,"ラトナ・プティ, 星川サラ"
ぷてみこ,"竜胆尊, ラトナ・プティ"
FNATHEPTION,"叶, 葛葉"
負ビーンズ,"本間ひまわり, 三枝明那, ラトナ・プティ, 不破湊"
フミとも,"フミ, 白雪巴"
フミノ・E・ルスタマキ,"文野環, フレン・E・ルスタリオ"
フミ野たまき,"文野環, フミ"
ふみのとふみ,"文野環, フミ"
ふみのわーる,"文野環, 叶, 葛葉"
ふみふみスピンゴ,"文野環, フミ, 周央サンゴ, 北小路ヒスイ"
フミぽん,"フミ, 先斗寧"
ふみまさるいす,"鈴木勝, フミ, ルイス・キャミー"
ふらっふぃい,"でびでび・でびる, 黒井しば, ルンルン"
ぷりずむりりっく！,"勇気ちひろ, 宇志海いちご, 家長むぎ"
不良不死,"緑仙, 久遠千歳"
プリンあらどーも。,"黛灰, 相羽ういは"
ぷりんず,"勇気ちひろ, 桜凛月"
ぶるーず,"黛灰, アルス・アルマル, 相羽ういは"
ブルーダイヤ,"ジョー・力一, 葉加瀬冬雪, 天宮こころ, ソフィア・ヴァレンタイン"
BLueCheese,"四季凪アキラ, Meloco Kyoran"
フルーツサラダ,"七瀬すず菜, 早乙女ベリー, 酒寄颯馬"
Blue Union Gangsters,"ベルモンド・バンデラス, オリバー・エバンス, セラフ・ダズルガーデン, ナ・セラ"
フルトイ,"フミ, ルイス・キャミー, 白雪巴"
ふるとな,"フミ, ルイス・キャミー, 白雪巴, 来栖夏芽"
Fragrance5,"える, 鈴鹿詩子, 夕陽リリ, 本間ひまわり, シスター・クレア"
ブレスト軍,"勇気ちひろ, 宇志海いちご"
フレフレぽんぽん,"フレン・E・ルスタリオ, 先斗寧"
プレミアム三銃士,"叶, 椎名唯華, 不破湊"
フレンとこ,"戌亥とこ, フレン・E・ルスタリオ"
ふわぐさ,"三枝明那, 不破湊"
ふわしろ,"不破湊, ましろ爻"
ふわとこ,"戌亥とこ, 不破湊"
ふわひば,"不破湊, 渡会雲雀"
ふわふわクレープやさん,"シスター・クレア, 不破湊"
ふわふわぷりんあらどーも,"黛灰, 相羽ういは, 不破湊"
FWM,"アルス・アルマル, 天宮こころ, 不破湊, 長尾景, 弦月藤士郎, 甲斐田晴"
ぷわみゃ,"天宮こころ, 不破湊"
ふわもち,"剣持刀也, 不破湊"
ふわロア,"夢月ロア, 不破湊"
ふわわたま,"文野環, 不破湊"
フわンとこ,"戌亥とこ, 不破湊, フレン・E・ルスタリオ"
六芒星,"光一, 八木迪之, 度人"
べしゃり隊,"宇佐美リト, 緋八マナ"
PetRika,"五十嵐梨花, Petra Gurin"
紅ズワイガニ,"三枝明那, 愛園愛美"
紅ズワイガニぐんかん,"神田笑一, 郡道美玲, 三枝明那, 愛園愛美"
BABY BOMB,"天宮こころ, 星川サラ, 倉持めると"
ヘブンガールズ,"勇気ちひろ, モイラ"
ぺぺペーペ・ペーペペ,"剣持刀也, 叶, 花畑チャイカ"
ペラペラチクチクペッパーズ,"矢車りね, エクス・アルビオ, 四季凪アキラ, Layla Alstroemeria"
ベリーデストロイヤー,"笹木咲, 社築, 葉山舞鈴, ましろ爻"
べり～はっぴ～,"先斗寧, 海妹四葉"
べりがりこ,"司賀りこ, 早乙女ベリー"
べりたま(仮),"早乙女ベリー, 雲母たまこ"
べりろこ,"鏑木ろこ, 早乙女ベリー"
ベルアン,"ベルモンド・バンデラス, アンジュ・カトリーナ"
べるーず,"ベルモンド・バンデラス, 黛灰, アルス・アルマル, 相羽ういは"
ヘルエスタ兄妹,"花畑チャイカ, リゼ・ヘルエスタ"
変態声真似集団,"風楽奏斗, 渡会雲雀, 星導ショウ, 叢雲カゲツ"
VOIZ,"春崎エアル, 成瀬鳴, 神成ポアロ, 黒羽黒兎"
放課後ぎるてぃーず,"獅子堂あかり, 鏑木ろこ, 五十嵐梨花, ソフィア・ヴァレンタイン"
HAUNTED ROCK CLUB,"Reimu Endou, Maria Marionette, Zeal Ginjoka, Kaelix Debonair"
ぽかぽかすくーる！,"赤羽葉子, 本間ひまわり, ラトナ・プティ, 風楽奏斗"
鬼灯組,"卯月コウ, 竜胆尊, レヴィ・エリファ, 早瀬走, ましろ爻, 五十嵐梨花"
ぼくらの7日間サバイバル,"叶, 黛灰, 弦月藤士郎, ローレン・イロアス, レオス・ヴィンセント"
保健室組,"緑仙, 黛灰"
保健室同盟,"緑仙, 黛灰, 健屋花那"
ボコっと！ほぼにじキュア,"勇気ちひろ, 桜凛月"
ぽさんけ,"天宮こころ, エリー・コニファー, ラトナ・プティ"
星エビ,"エクス・アルビオ, 星川サラ"
ホシと探偵,"シェリン・バーガンディ, 星川サラ"
星のシスターズ,"シスター・クレア, 星川サラ"
ほしふれんず,"星川サラ, フレン・E・ルスタリオ"
ホシミナイト,"星川サラ, 不破湊"
ほす☆狂,"轟京子, 愛園愛美, 相羽ういは, 不破湊"
PopCop,"ZEA Cornelia, Rai Galilei"
POPでCHEAPなI MISS YOU,"叶, えま★おうがすと, 不破湊, 小柳ロウ"
ポテトで乾杯TV,"桜凛月, ハ・ユン, 赤城ウェン"
ぼでぃちか,"笹木咲, 葛葉, 椎名唯華, 不破湊, 小清水透"
ぽとなる,"ルイス・キャミー, 先斗寧, 立伝都々, 珠乃井ナナ"
ほな優勝かな,"本間ひまわり, 魔界ノりりむ, 甲斐田晴"
ほにゅやぴ,"アンジュ・カトリーナ, 鏑木ろこ"
ボブマーリー組,"月ノ美兎, 笹木咲, 椎名唯華"
PoMetto,"先斗寧, 倉持めると"
ぽめとわらい,"山神カルタ, 東堂コハク, 先斗寧, 倉持めると"
ホラーつよつよ3人衆,"叶, 椎名唯華, 天開司"
HORROR HUSBANDOS,"Ike Eveland, Vox Akuma"
ボラサップエビオ,"エクス・アルビオ, ヌン・ボラ"
WHITE WING,"石神のぞみ, ソフィア・ヴァレンタイン"
本日中まで,"渋谷ハジメ, 葛葉, 不破湊, 天ヶ瀬むゆ, 小清水透"
本日の主役,"椎名唯華, 成瀬鳴, 奈羅花"
ぽんセント,"レオス・ヴィンセント, 先斗寧"
ぽんぴりか,"本間ひまわり, 五十嵐梨花"
本間甲斐な,"本間ひまわり, 甲斐田晴"
ほんまならゆうしょうしろ,"夕陽リリ, 本間ひまわり, 神田笑一, 雪城眞尋, 奈羅花"
本間ノ葛也,"月ノ美兎, 剣持刀也, 本間ひまわり, 葛葉"
麻婆いちご南蛮,"渋谷ハジメ, 四季凪アキラ, ミン・スゥーハ"
まいごぷろず,"雪城眞尋, 相羽ういは"
まいちぐ,"舞元啓介, 西園チグサ"
舞元力一,"舞元啓介, ジョー・力一"
魔王と三従者,"三枝明那, グウェル・オス・ガール, レオス・ヴィンセント, ヤン・ナリ"
魔王と弟子,"葛葉, 不破湊"
MAKAI-NET,"ギルザレンIII世, 赤羽葉子"
マカクラ,"郡道美玲, 星川サラ"
負けたらタイキック,"神田笑一, ましろ爻, 空星きらめ, Taka Radjiman"
まさしば,"鈴木勝, 黒井しば"
マジックラボ(ふゆれな),"葉加瀬冬雪, 夜見れな"
ましゅまろ倶楽部,"郡道美玲, 天宮こころ"
マジョマリーナ,"アンジュ・カトリーナ, 葉山舞鈴, ニュイ・ソシエール"
マジョマリティ,"葉山舞鈴, ニュイ・ソシエール"
MAS-RAO,"舞元啓介, ジョー・力一, レオス・ヴィンセント, オリバー・エバンス"
MAS-RAO,"舞元啓介, ジョー・力一, ベルモンド・バンデラス, 天開司"
MAS-RAO,"ジョー・力一, シェリン・バーガンディ, レオス・ヴィンセント, オリバー・エバンス"
股下マナティ,"町田ちま, 戌亥とこ, 宇佐美リト, 魁星"
マツカイ団,"卯月コウ, リゼ・ヘルエスタ, 魔使マオ, フレン・E・ルスタリオ"
マッスルオカルトディスティニードロー,"椎名唯華, 社築, 宇佐美リト"
マナテツ調査隊,"佐伯イッテツ, 緋八マナ"
まななつ,"ましろ爻, 奈羅花, 来栖夏芽"
まひえら,"御伽原江良, 雪城眞尋"
まひまひきゅーけいちゅー,"雪城眞尋, 長尾景"
まひむゆ,"雪城眞尋, 天ヶ瀬むゆ"
まひレヴィ,"雪城眞尋, レヴィ・エリファ"
まぶだぶち(仮),"ミラン・ケストレル, 魁星"
魔武天,"本間ひまわり, 加賀美ハヤト, アルス・アルマル, 天宮こころ, シェリン・バーガンディ, 不破湊, 甲斐田晴"
まほおじ,"勇気ちひろ, 舞元啓介"
まほすず,"勇気ちひろ, 鈴谷アキ"
幻のV卓,"夕陽リリ, 小野町春香, 奈羅花, 獅子堂あかり"
ママと娘。,"魔界ノりりむ, 椎名唯華, 花畑チャイカ"
ママ友の会,"黛灰, 早瀬走, 白雪巴, 甲斐田晴"
まめじろさん,"レオス・ヴィンセント, レイン・パターソン"
まめねこ大好きくらぶ,"ラトナ・プティ, レオス・ヴィンセント, Reimu Endou"
まゆげっち,"勇気ちひろ, 黛灰"
まゆみ堂しろあんせっと,"瀬戸美夜子, 雪城眞尋"
まりアンジュ,"アンジュ・カトリーナ, 葉山舞鈴"
マリアンヌ,"葉山舞鈴, ヌン・ボラ"
マルサメベリースター,"アルス・アルマル, レイン・パターソン, 先斗寧, 星導ショウ"
満身創痍ズ,"珠乃井ナナ, ルンルン"
まんまるねこたま,"笹木咲, 花畑チャイカ, イブラヒム, 西園チグサ"
ミーマージャン,"オリバー・エバンス, 佐伯イッテツ, 魁星, 酒寄颯馬"
みかえる,"月ノ美兎, える, 樋口楓"
みこあん,"竜胆尊, アンジュ・カトリーナ"
みこかざ,"森中花咲, 竜胆尊"
みこつふぁんくらぶ,"竜胆尊, 桜凛月, レオス・ヴィンセント"
みこでび,"竜胆尊, でびでび・でびる"
MysMi,"Mika Melatika, Mysta Rias"
みそしる,"渋谷ハジメ, 伏見ガク, 叶, 葛葉"
みそしるトースト,"エクス・アルビオ, Reimu Endou"
みたゃし団,"花畑チャイカ, 立伝都々, 栞葉るり, ミラン・ケストレル"
みたらぎ団,"ギルザレンIII世, 立伝都々, ミラン・ケストレル"
みたらし団,"立伝都々, 栞葉るり, ミラン・ケストレル"
みたルし団,"ルイス・キャミー, 立伝都々, 栞葉るり, ミラン・ケストレル"
みっくすずべりぃ,"七瀬すず菜, 早乙女ベリー"
みとうや,"月ノ美兎, 剣持刀也"
みとうヤッタゼ,"月ノ美兎, える, 剣持刀也"
みとリゼ,"月ノ美兎, リゼ・ヘルエスタ"
南チーム,"伏見ガク, 本間ひまわり, 魔界ノりりむ, 葛葉, 椎名唯華, 舞元啓介, 桜凛月, 小野町春香, エクス・アルビオ, 天宮こころ, 来栖夏芽, 北小路ヒスイ, オリバー・エバンス, 海妹四葉, 小柳ロウ, 酒寄颯馬, 渚トラウト, 一橋綾人"
みゃーみゃーず,"篠宮ゆの, 城瀬いすみ"
ミュージカル組,"周央サンゴ, 東堂コハク, 佐伯イッテツ, 宇佐美リト"
mirage,"Miyu Ottavia, Azura Cecillia, Nara Haramaung"
みらくる★すむーじー,"叶, 本間ひまわり, 童田明治, 三枝明那"
みらるた,"夕陽リリ, 山神カルタ"
MiRis,"Miyu Ottavia, Riksa Dhirendra"
みれいじー,"童田明治, 郡道美玲"
みれロア(うさちゃんクラブ),"郡道美玲, 夢月ロア"
ムーンウォーカーズ,"剣持刀也, でびでび・でびる, ジョー・力一, 空星きらめ"
月下の桜,"椎名唯華, 鷹宮リオン, 郡道美玲, 黛灰, 不破湊, イブラヒム"
むぎガク,"家長むぎ, 伏見ガク"
むぎかざ,"家長むぎ, 森中花咲"
むぎたま,"家長むぎ, 文野環"
むぎはる,"家長むぎ, 小野町春香"
むげん∞かーにバる！,"家長むぎ, 愛園愛美, 弦月藤士郎, オリバー・エバンス"
夢月星,"桜凛月, ベルモンド・バンデラス, 弦月藤士郎, 空星きらめ"
めいとババア,"花畑チャイカ, 童田明治"
めいヴィ,"童田明治, レヴィ・エリファ"
メイフ,"フレン・E・ルスタリオ, メリッサ・キンレンカ, イブラヒム"
めいぷるてぃ,"童田明治, ラトナ・プティ"
メーブレストロベア,"勇気ちひろ, 樋口楓, 宇志海いちご, 森中花咲"
MEC崖越え,"渋谷ハジメ, 夕陽リリ, 成瀬鳴, 天宮こころ, イブラヒム, イ・ロハ, 小清水透, 伊波ライ"
女神と伏見,"モイラ, 伏見ガク"
メシアガール,"三枝明那, 黛灰, 不破湊, グウェル・オス・ガール"
MC,"加賀美ハヤト, 夜見れな"
メッシャーズ,"三枝明那, 黛灰, 不破湊"
MeshTek,"叶, 本間ひまわり, エクス・アルビオ, ソフィア・ヴァレンタイン, 叢雲カゲツ"
めちゃかわ連合,"花畑チャイカ, フレン・E・ルスタリオ, 先斗寧, 五十嵐梨花"
MECHATU-A,"佐伯イッテツ, 赤城ウェン, 宇佐美リト, 緋八マナ, 星導ショウ, 叢雲カゲツ, 小柳ロウ, 伊波ライ"
MEDCS,"Elira Pendora, Sonny Brisko, Doppio Dropscythe, Meloco Kyoran, Claude Clawmark"
めにまにカンパニー,"桜凛月, 長尾景, Nara Haramaung, セフィナ"
メリカル,"山神カルタ, メリッサ・キンレンカ"
めるしー,"小清水透, 倉持めると"
メルシス,"健屋花那, Kotoka Torahime"
MeIlow,"弦月藤士郎, Meloco Kyoran"
メロかざ,"森中花咲, Meloco Kyoran"
メロちょま,"ルンルン, Meloco Kyoran"
メロフレ,"フレン・E・ルスタリオ, Meloco Kyoran"
メロブル姉弟,"Meloco Kyoran, Seible"
メンヘラ定食,"不破湊, 北小路ヒスイ, ソ・ナギ"
モイかざ,"モイラ, 森中花咲"
もえもえきゅん,"神田笑一, 愛園愛美, ヤン・ナリ"
もくだよ！めいぷるすたー☆,"樋口楓, 星川サラ, 叢雲カゲツ"
もぐっとゆず,"鈴木勝, 八朔ゆず"
もぐもぐオッドアイ,"戌亥とこ, 石神のぞみ"
もぐも組,"出雲霞, 鈴木勝"
もこもこドロップ,"夜見れな, ルイス・キャミー, 梢桃音, 早乙女ベリー"
もちがえる,"勇気ちひろ, える, 樋口楓, モイラ"
もちのわーる,"剣持刀也, 叶, 葛葉"
もちめがねチーム,"椎名唯華, アルス・アルマル, シェリン・バーガンディ, 四季凪アキラ"
もちもち,"剣持刀也, 椎名唯華"
もつがえる,"月ノ美兎, える, 樋口楓, モイラ"
元SEEDs2期生第3弾,"成瀬鳴, ベルモンド・バンデラス, 矢車りね, 夢追翔, 黒井しば"
ものとこふぁーふ,"物述有栖, 戌亥とこ, エリー・コニファー, フミ"
モほすず,"勇気ちひろ, 鈴谷アキ, モイラ"
桃色音楽教室,"鈴鹿詩子, 郡道美玲"
桃色冷蔵庫,"宇志海いちご, 夕陽リリ"
桃サンゴ,"安土桃, 周央サンゴ"
もーもーぶれいかーず,"本間ひまわり, 不破湊, 北見遊征"
もやしと愉快な大学生,"伏見ガク, 神田笑一, 夢追翔, 三枝明那"
もやしば,"夢追翔, 黒井しば"
森枝,"森中花咲, 三枝明那"
モルドラ,"闇夜乃モルル, ドーラ"
もるひま,"闇夜乃モルル, 本間ひまわり"
もるひまさく,"笹木咲, 闇夜乃モルル, 本間ひまわり"
八重歯と妖精,"花畑チャイカ, 夢月ロア, 葉山舞鈴, エリー・コニファー"
焼き鳥とオヤジ,"渋谷ハジメ, 文野環, 舞元啓介, 郡道美玲"
やぐるまちた,"町田ちま, 矢車りね"
やさいせいかつ,"える, 雪城眞尋, ハ・ユン"
やしくず,"葛葉, 社築"
やししぃ,"社築, 椎名唯華"
やしろようちえん,"社築, 童田明治, 雪城眞尋, 魔使マオ, レイン・パターソン"
ヤニカスローンズ,"アクシア・クローネ, ローレン・イロアス, レオス・ヴィンセント"
やまあこ,"山神カルタ, 朝日南アカネ"
やまなつ,"山神カルタ, 来栖夏芽"
山手線組,"渋谷ハジメ, 神田笑一"
やみくもやん,"ヤン・ナリ, 叢雲カゲツ, Shu Yamino"
やゆよ,"椎名唯華, 社築, 夜見れな"
ヤンキー組,"樋口楓, 剣持刀也, 葛葉, 轟京子, 雨森小夜, 久遠千歳, 三枝明那"
ゆうやみ,"勇気ちひろ, 闇夜乃モルル"
ゆきてんぐ,"雪城眞尋, 山神カルタ"
雪晴れに花ふわり,"エリー・コニファー, 不破湊, 白雪巴, 甲斐田晴"
ゆきぼし,"雪城眞尋, 星川サラ"
雪美大福,"雪汝, 椎名唯華"
雪夜の一番星,"瀬戸美夜子, ヌン・ボラ"
ゆげういちー,"勇気ちひろ, 相羽ういは"
ゆずいず,"出雲霞, 八朔ゆず"
ゆずでび,"八朔ゆず, でびでび・でびる"
ゆづき家,"神田笑一, フミ"
YUNIBO,"西園チグサ, シン・ユヤ, ヌン・ボラ"
弓イカの皆さん,"桜凛月, 不破湊, イブラヒム, 小柳ロウ"
ゆめおいまちた,"町田ちま, 夢追翔"
夢叶白星,"叶, 夢追翔, 星川サラ"
ゆめすず,"鈴谷アキ, 夢追翔"
ゆめニキ,"ミン・スゥーハ, イ・シウ, バン・ハダ, ハ・ユン"
ゆめぱんだ,"笹木咲, 夢月ロア"
夢星家,"夢追翔, 星川サラ"
夢見月,"ベルモンド・バンデラス, 夢月ロア"
妖花水月,"奈羅花, 小清水透"
陽キャーズ,"社築, エクス・アルビオ, 夜見れな, 星川サラ"
陽キャ陰笹木,"伏見ガク, 笹木咲, 鷹宮リオン, レヴィ・エリファ, 早瀬走"
幼女戦記,"勇気ちひろ, 森中花咲"
夜鴉組,"加賀美ハヤト, フレン・E・ルスタリオ, レイン・パターソン, 海妹四葉, 風楽奏斗, 伊波ライ, 北見遊征"
よぎぽぐ,"叶, アンジュ・カトリーナ, 北小路ヒスイ, ガオン"
★☆四つ星エリート☆★,"エリー・コニファー, 海妹四葉, 魁星, 一橋綾人"
夜ふかしの友,"葉山舞鈴, 夜見れな"
YHHAABOP,"Vox Akuma, Luca Kaneshiro, Doppio Dropscythe, Yu Q. Wilson"
夜破のだるま,"夜見れな, 不破湊"
夜猫部,"夜牛詩乃, 猫屋敷美紅"
YORUHAGU,"戌亥とこ, フレン・E・ルスタリオ, Shu Yamino, Petra Gurin"
ヨルミ団,"加賀美ハヤト, 夜見れな, 周央サンゴ, 緋八マナ"
よるみどり,"緑仙, 夜見れな"
ヨルミナティ,"椎名唯華, 緑仙, 神田笑一, 鷹宮リオン, 郡道美玲, 葉山舞鈴, 夜見れな, 天宮こころ, シェリン・バーガンディ, ルイス・キャミー, 魔使マオ, 奈羅花"
ヨルミ・フミ・ドーモ,"夜見れな, 黛灰, フミ, グウェル・オス・ガール"
4L2K,"える, 長尾景, 北小路ヒスイ, 四季凪アキラ"
よんきょう,"える, 葉山舞鈴, ルイス・キャミー, レイン・パターソン"
四代目花組,"笹木咲, 轟京子, ラトナ・プティ, ナ・セラ"
ラーメンズ,"神田笑一, ルイス・キャミー, セフィナ, 酒寄颯馬"
Lierパンダ,"叶, 葛葉, エクス・アルビオ, イブラヒム"
ライジングビースト,"夕陽リリ, 伊波ライ"
らいじん士官学校附属幼稚園,"椎名唯華, 鷹宮リオン, エクス・アルビオ, ローレン・イロアス, 伊波ライ"
ライフさんきょうだい,"瀬戸美夜子, 愛園愛美, グウェル・オス・ガール"
Round 3,"夜見れな, アルス・アルマル, ハ・ユン"
ラグーザ海賊団,"葛葉, エクス・アルビオ, 不破湊, イブラヒム"
楽園のにゃんにゃらカフェ,"鈴谷アキ, 奈羅花, 西園チグサ, 風楽奏斗"
楽陽,"夕陽リリ, 伏見ガク"
LazuLight,"Elira Pendora, Pomu Rainpuff, Finana Ryugu"
ラタトゥイユ焼鮭,"郡道美玲, 葉山舞鈴"
ラナキュロール,"天宮こころ, ルイス・キャミー, レイン・パターソン, 天ヶ瀬むゆ, 先斗寧, 海妹四葉"
Ranunculus,"天ヶ瀬むゆ, 先斗寧, 海妹四葉"
らびおんっ,"獅子堂あかり, ソフィア・ヴァレンタイン"
らぶスノ,"愛園愛美, 白雪巴"
ラフメイカー,"三枝明那, 不破湊, 奈羅花"
LAN_NEE3S,"Azura Cecillia, Nara Haramaung, Layla Alstroemeria"
Re:iZ,"春崎エアル, 成瀬鳴"
リーダーズ,"皇れお, 篠宮ゆの"
Rizzmasters,"Luca Kaneshiro, Shu Yamino"
リゼアン,"アンジュ・カトリーナ, リゼ・ヘルエスタ"
リゼるる,"リゼ・ヘルエスタ, 鈴原るる"
りつぴな,"桜凛月, セフィナ"
リップローズ,"レヴィ・エリファ, 朝日南アカネ"
リトテツ,"佐伯イッテツ, 宇佐美リト"
リトライ,"宇佐美リト, 伊波ライ"
りねしば,"矢車りね, 黒井しば"
リバーシ,"轟京子, シスター・クレア"
リベンジャーズ,"笹木咲, ベルモンド・バンデラス, 戌亥とこ, アンジュ・カトリーナ, リゼ・ヘルエスタ"
りむぱた姉妹,"魔界ノりりむ, レイン・パターソン"
りむぱたフレンとこ,"魔界ノりりむ, 戌亥とこ, フレン・E・ルスタリオ, レイン・パターソン"
りむみゃあ,"魔界ノりりむ, 鷹宮リオン"
両手に花ってレベルじゃねぇぞこれ,"月ノ美兎, 本間ひまわり, 椎名唯華, 竜胆尊, でびでび・でびる, 夜見れな, 早瀬走, 不破湊"
猟友会,"伏見ガク, 叶, 本間ひまわり, 緑仙, 夜見れな, 魔使マオ, 奈羅花"
Lilly Crown,"椎名唯華, 鷹宮リオン, 夜見れな, 天宮こころ"
Lilly Crown alter,"鷹宮リオン, 舞元啓介, 夜見れな, 天宮こころ"
りりぃろーず,"鷹宮リオン, リゼ・ヘルエスタ"
リリかざ,"夕陽リリ, 森中花咲"
リリたま,"夕陽リリ, 文野環"
リリむぎ,"家長むぎ, 夕陽リリ"
りりむ団,"笹木咲, 魔界ノりりむ, 花畑チャイカ, 社築"
RRR,"鷹宮リオン, 竜胆尊, ジョー・力一"
りるれろちゃんズ,"鷹宮リオン, 夜見れな, 鏑木ろこ, 栞葉るり"
りんえる,"える, 静凛"
りんかえ,"樋口楓, 静凛"
輪廻心中,"宇志海いちご, 矢車りね"
ルイス怪盗団,"ジョー・力一, ルイス・キャミー, レオス・ヴィンセント"
ルーザーキングス,"魔界ノりりむ, 葛葉, 卯月コウ"
Luna Notte,"Layla Alstroemeria, Reza Avanluna"
Room 4S,"四季凪アキラ, セラフ・ダズルガーデン"
Luxiem,"Ike Eveland, Mysta Rias, Vox Akuma, Luca Kaneshiro, Shu Yamino"
le jouet,"緑仙, 夢追翔, 加賀美ハヤト"
rufome,"五十嵐梨花, ソフィア・ヴァレンタイン, 倉持めると"
るんちょま最強ナンバーワン,"える, 舞元啓介, 星川サラ, ルンルン"
reimu部,"Reimu Endou, Maria Marionette, Freodore"
Rain Drops,"える, 鈴木勝, 緑仙, ジョー・力一, 童田明治, 三枝明那"
レイロハ,"明楽レイ, イ・ロハ"
レインボール高校(パワプロアプリ),"笹木咲, 魔界ノりりむ, 椎名唯華, 舞元啓介, でびでび・でびる, 小野町春香, ニュイ・ソシエール, 夜見れな, 奈羅花"
レヴィスター,"レヴィ・エリファ, 空星きらめ"
レヴィらん,"レヴィ・エリファ, 早瀬走"
レオス団,"える, レオス・ヴィンセント, ヤン・ナリ, 小清水透"
レギュラーチーム,"剣持刀也, 三枝明那, フレン・E・ルスタリオ, 獅子堂あかり"
REQUIEM,"Vox Akuma, Yu Q. Wilson, Vantacrow Bringer, Vezalius Bandage, Claude Clawmark"
Let's貝王,"花畑チャイカ, 春崎エアル, 葉山舞鈴, 伊波ライ"
レッドガーネット,"える, 緑仙, エリー・コニファー, 綺沙良"
レバガチャ,"笹木咲, 社築, シェリン・バーガンディ"
レバガチャイカダイエスタ,"笹木咲, 花畑チャイカ, 社築, リゼ・ヘルエスタ"
レバガチャイカダイフク,"笹木咲, 椎名唯華, 花畑チャイカ, 社築"
レバガチャ探偵団,"笹木咲, 社築, シェリン・バーガンディ"
LvEx,"エクス・アルビオ, レヴィ・エリファ"
人外天国,"田野柴, 伊深, 茉里, 千幽"
ロアまりん,"夢月ロア, 葉山舞鈴"
ろあるまりん,"夢月ロア, 葉山舞鈴, アルス・アルマル"
ロイヤル帝国,"樋口楓, 春崎エアル, リゼ・ヘルエスタ"
老人すぎてヨボン,"郡道美玲, 黛灰, 不破湊"
ロウマナ,"緋八マナ, 小柳ロウ"
64組,"笹木咲, 社築, エクス・アルビオ, 加賀美ハヤト"
ろこめる,"鏑木ろこ, 倉持めると"
ろこめるそふぃりか,"鏑木ろこ, 五十嵐梨花, ソフィア・ヴァレンタイン, 倉持めると"
ろこりこ,"鏑木ろこ, 司賀りこ"
ろこるり,"鏑木ろこ, 栞葉るり"
ロゼペト,"Rosemi Lovelock, Petra Gurin"
LOCK ON FLEEK,"アルス・アルマル, ローレン・イロアス, レイン・パターソン"
Rotty＆Notty,"鏑木ろこ, 石神のぞみ"
ろっとろっと,"イ・ロハ, 立伝都々"
ROF-MAO,"剣持刀也, 加賀美ハヤト, 不破湊, 甲斐田晴"
ろふまおンゴ,"剣持刀也, 加賀美ハヤト, 不破湊, 周央サンゴ"
ろべりこ,"鏑木ろこ, 司賀りこ, 早乙女ベリー"
ロマン砲撃手ズ,"叶, 三枝明那, アクシア・クローネ"
ろめじゅり,"アンジュ・カトリーナ, 壱百満天原サロメ"
ロリ組,"勇気ちひろ, 宇志海いちご, 物述有栖, 森中花咲"
ロリコロール,"天宮こころ, ルイス・キャミー, レイン・パターソン"
LOL部,"椎名唯華, 鷹宮リオン, でびでび・でびる"
ロングフォレストラブドラゴン山,"森中花咲, 愛園愛美, 葉山舞鈴, 天宮こころ, 長尾景"
ロトガク,"叶, 伏見ガク"
ワールドアトラス,"緑仙, イブラヒム, 海妹四葉"
YGW,"勇気ちひろ, える, 叶"
若お神,"小野町春香, フミ"
WAKATEチーム,"獅子堂あかり, 五十嵐梨花, 星導ショウ, 伊波ライ, 魁星, 早乙女ベリー"
和太鼓倶楽部,"える, 鷹宮リオン, 竜胆尊, でびでび・でびる, 早瀬走"
わたくし族,"月ノ美兎, 加賀美ハヤト, エリー・コニファー, 壱百満天原サロメ"
ワッサンワッパー,"伏見ガク, 本間ひまわり, 葛葉, 鷹宮リオン, フミ"
わらいち,"竜胆尊, ジョー・力一"
1LVK,"える, 雪城眞尋, レヴィ・エリファ, 長尾景"
ONE PEN MAN,"葛葉, 椎名唯華, ましろ爻, 奈羅花, 渡会雲雀"
んーまンボ,"物述有栖, 桜凛月"
ンゴ灰那,"黛灰, 健屋花那, 周央サンゴ"
ンゴ那,"健屋花那, 周央サンゴ"
WANNYANZ,"Alban Knox, Sonny Brisko"
